Sort Order,File Type,File Type - Summary,Measure ID,Measure ID Short,Non-claims Table,Claims_cat_type,Measure Name,Data_Element,Data Dictionary,DD Number,Size,Character / Numeric,Active Indicator
1,ELG,Non-claims,MIS-1-001-1,MIS1.1,ELG00002,,% distinct MSIS IDs with only missing values in any active segment: DATE-OF-BIRTH (ELG00002),tmsis_prmry_dmgrphc_elgblty.birth_dt,DATE-OF-BIRTH,ELG024,9(8),Numeric,Y
2,ELG,Non-claims,MIS-1-002-2,MIS1.2,ELG00002,,% distinct MSIS IDs with only missing values in any active segment: DATE-OF-DEATH (ELG00002),tmsis_prmry_dmgrphc_elgblty.death_dt,DATE-OF-DEATH,ELG025,9(8),Numeric,Y
4,ELG,Non-claims,MIS-1-004-4,MIS1.4,ELG00002,,% distinct MSIS IDs with only missing values in any active segment: PRIMARY-DEMOGRAPHIC-ELEMENT-EFF-DATE (ELG00002),tmsis_prmry_dmgrphc_elgblty.prmry_dmgrphc_ele_efctv_dt,PRIMARY-DEMOGRAPHIC-ELEMENT-EFF-DATE,ELG026,9(8),Numeric,Y
5,ELG,Non-claims,MIS-1-005-5,MIS1.5,ELG00002,,% distinct MSIS IDs with only missing values in any active segment: PRIMARY-DEMOGRAPHIC-ELEMENT-END-DATE (ELG00002),tmsis_prmry_dmgrphc_elgblty.prmry_dmgrphc_ele_end_dt,PRIMARY-DEMOGRAPHIC-ELEMENT-END-DATE,ELG027,9(8),Numeric,Y
6,ELG,Non-claims,MIS-1-006-6,MIS1.6,ELG00002,,% distinct MSIS IDs with only missing values in any active segment: SEX (ELG00002),tmsis_prmry_dmgrphc_elgblty.gndr_cd,SEX,ELG023,X(1),Character,Y
7,ELG,Non-claims,MIS-1-007-7,MIS1.7,ELG00003,,% distinct MSIS IDs with only missing values in any active segment: CHIP-CODE (ELG00003),tmsis_var_dmgrphc_elgblty.chip_cd,CHIP-CODE,ELG054,X(1),Character,Y
8,ELG,Non-claims,MIS-1-008-8,MIS1.8,ELG00003,,% distinct MSIS IDs with only missing values in any active segment: CITIZENSHIP-IND (ELG00003),tmsis_var_dmgrphc_elgblty.ctznshp_ind,CITIZENSHIP-IND,ELG040,X(1),Character,Y
9,ELG,Non-claims,MIS-1-009-9,MIS1.9,ELG00003,,% distinct MSIS IDs with only missing values in any active segment: HOUSEHOLD-SIZE (ELG00003),tmsis_var_dmgrphc_elgblty.hsehld_size_cd,HOUSEHOLD-SIZE,ELG047,X(2),Character,Y
10,ELG,Non-claims,MIS-1-010-10,MIS1.10,ELG00003,,% distinct MSIS IDs with only missing values in any active segment: IMMIGRATION-STATUS (ELG00003),tmsis_var_dmgrphc_elgblty.imgrtn_stus_cd,IMMIGRATION-STATUS,ELG042,X(1),Character,Y
11,ELG,Non-claims,MIS-1-011-11,MIS1.11,ELG00003,,% distinct MSIS IDs with only missing values in any active segment: INCOME-CODE (ELG00003),tmsis_var_dmgrphc_elgblty.incm_cd,INCOME-CODE,ELG038,X(2),Character,Y
12,ELG,Non-claims,MIS-1-012-12,MIS1.12,ELG00003,,% distinct MSIS IDs with only missing values in any active segment: MARITAL-STATUS (ELG00003),tmsis_var_dmgrphc_elgblty.mrtl_stus_cd,MARITAL-STATUS,ELG034,X(2),Character,Y
14,ELG,Non-claims,MIS-1-014-14,MIS1.14,ELG00003,,% distinct MSIS IDs with only missing values in any active segment: SSN (ELG00003),tmsis_var_dmgrphc_elgblty.ssn_num,SSN,ELG036,9(9),Numeric,Y
15,ELG,Non-claims,MIS-1-015-15,MIS1.15,ELG00003,,% distinct MSIS IDs with only missing values in any active segment: SSN-VERIFICATION-FLAG (ELG00003),tmsis_var_dmgrphc_elgblty.ssn_vrfctn_ind,SSN-VERIFICATION-FLAG,ELG037,X(1),Character,Y
16,ELG,Non-claims,MIS-1-016-16,MIS1.16,ELG00003,,% distinct MSIS IDs with only missing values in any active segment: VARIABLE-DEMOGRAPHIC-ELEMENT-EFF-DATE (ELG00003),tmsis_var_dmgrphc_elgblty.var_dmgrphc_ele_efctv_dt,VARIABLE-DEMOGRAPHIC-ELEMENT-EFF-DATE,ELG057,9(8),Numeric,Y
17,ELG,Non-claims,MIS-1-017-17,MIS1.17,ELG00003,,% distinct MSIS IDs with only missing values in any active segment: VETERAN-IND (ELG00003),tmsis_var_dmgrphc_elgblty.vet_ind,VETERAN-IND,ELG039,X(1),Character,Y
18,ELG,Non-claims,MIS-1-018-18,MIS1.18,ELG00004,,% distinct MSIS IDs with only missing values in any active segment: ADDR-TYPE (ELG00004),tmsis_elgbl_cntct.elgbl_adr_type_cd,ADDR-TYPE,ELG065,X(2),Character,Y
19,ELG,Non-claims,MIS-1-019-19,MIS1.19,ELG00004,,% distinct MSIS IDs with only missing values in any active segment: ELIGIBLE-ADDR-EFF-DATE (ELG00004),tmsis_elgbl_cntct.elgbl_adr_efctv_dt,ELIGIBLE-ADDR-EFF-DATE,ELG075,9(8),Numeric,Y
20,ELG,Non-claims,MIS-1-020-20,MIS1.20,ELG00004,,% distinct MSIS IDs with only missing values in any active segment: ELIGIBLE-COUNTY-CODE (ELG00004),tmsis_elgbl_cntct.elgbl_cnty_cd,ELIGIBLE-COUNTY-CODE,ELG072,X(3),Character,Y
21,ELG,Non-claims,MIS-1-021-21,MIS1.21,ELG00004,,% distinct MSIS IDs with only missing values in any active segment: ELIGIBLE-ZIP-CODE (ELG00004),tmsis_elgbl_cntct.elgbl_zip_cd,ELIGIBLE-ZIP-CODE,ELG071,X(9),Character,Y
23,ELG,Non-claims,MIS-1-023-23,MIS1.23,ELG00005,,% distinct MSIS IDs with only missing values in any active segment: DUAL-ELIGIBLE-CODE (ELG00005),tmsis_elgblty_dtrmnt.dual_elgbl_cd,DUAL-ELIGIBLE-CODE,ELG085,X(2),Character,Y
24,ELG,Non-claims,MIS-1-024-24,MIS1.24,ELG00005,,% distinct MSIS IDs with only missing values in any active segment: ELIGIBILITY-DETERMINANT-EFF-DATE (ELG00005),tmsis_elgblty_dtrmnt.elgblty_dtrmnt_efctv_dt,ELIGIBILITY-DETERMINANT-EFF-DATE,ELG099,9(8),Numeric,Y
25,ELG,Non-claims,MIS-1-025-25,MIS1.25,ELG00005,,% distinct MSIS IDs with only missing values in any active segment: ELIGIBILITY-DETERMINANT-END-DATE (ELG00005),tmsis_elgblty_dtrmnt.elgblty_dtrmnt_end_dt,ELIGIBILITY-DETERMINANT-END-DATE,ELG100,9(8),Numeric,Y
26,ELG,Non-claims,MIS-1-026-26,MIS1.26,ELG00005,,% distinct MSIS IDs with only missing values in any active segment: ELIGIBILITY-GROUP (ELG00005),tmsis_elgblty_dtrmnt.elgblty_grp_cd,ELIGIBILITY-GROUP,ELG087,X(2),Character,Y
27,ELG,Non-claims,MIS-1-027-27,MIS1.27,ELG00005,,% distinct MSIS IDs with only missing values in any active segment: MAINTENANCE-ASSISTANCE-STATUS (ELG00005),tmsis_elgblty_dtrmnt.mas_cd,MAINTENANCE-ASSISTANCE-STATUS,ELG096,X(1),Character,Y
28,ELG,Non-claims,MIS-1-028-28,MIS1.28,ELG00005,,% distinct MSIS IDs with only missing values in any active segment: MEDICAID-BASIS-OF-ELIGIBILITY (ELG00005),tmsis_elgblty_dtrmnt.elgblty_mdcd_basis_cd,MEDICAID-BASIS-OF-ELIGIBILITY,ELG084,X(2),Character,Y
29,ELG,Non-claims,MIS-1-029-29,MIS1.29,ELG00005,,% distinct MSIS IDs with only missing values in any active segment: MSIS-CASE-NUM (ELG00005),tmsis_elgblty_dtrmnt.msis_case_num,MSIS-CASE-NUM,ELG083,X(12),Character,Y
31,ELG,Non-claims,MIS-1-031-31,MIS1.31,ELG00005,,% distinct MSIS IDs with only missing values in any active segment: PRIMARY-ELIGIBILITY-GROUP-IND (ELG00005),tmsis_elgblty_dtrmnt.prmry_elgblty_grp_ind,PRIMARY-ELIGIBILITY-GROUP-IND,ELG086,X(1),Character,Y
32,ELG,Non-claims,MIS-1-032-32,MIS1.32,ELG00005,,% distinct MSIS IDs with only missing values in any active segment: RESTRICTED-BENEFITS-CODE (ELG00005),tmsis_elgblty_dtrmnt.rstrctd_bnfts_cd,RESTRICTED-BENEFITS-CODE,ELG097,X(1),Character,Y
33,ELG,Non-claims,MIS-1-033-33,MIS1.33,ELG00005,,% distinct MSIS IDs with only missing values in any active segment: SSDI-IND (ELG00005),tmsis_elgblty_dtrmnt.ssdi_ind,SSDI-IND,ELG089,X(1),Character,Y
34,ELG,Non-claims,MIS-1-034-34,MIS1.34,ELG00005,,% distinct MSIS IDs with only missing values in any active segment: SSI-IND (ELG00005),tmsis_elgblty_dtrmnt.ssi_ind,SSI-IND,ELG090,X(1),Character,Y
35,ELG,Non-claims,MIS-1-035-35,MIS1.35,ELG00005,,% distinct MSIS IDs with only missing values in any active segment: SSI-STATE-SUPPLEMENT-STATUS-CODE (ELG00005),tmsis_elgblty_dtrmnt.ssi_state_splmt_stus_cd,SSI-STATE-SUPPLEMENT-STATUS-CODE,ELG091,X(3),Character,Y
36,ELG,Non-claims,MIS-1-036-36,MIS1.36,ELG00005,,% distinct MSIS IDs with only missing values in any active segment: TANF-CASH-CODE (ELG00005),tmsis_elgblty_dtrmnt.tanf_cash_cd,TANF-CASH-CODE,ELG098,X(1),Character,Y
37,ELG,Non-claims,MIS-1-037-37,MIS1.37,ELG00006,,% distinct MSIS IDs with only missing values in any active segment: HEALTH-HOME-ENTITY-NAME (ELG00006),tmsis_hh_sntrn_prtcptn_info.hh_ent_name,HEALTH-HOME-ENTITY-NAME,ELG108,X(100),Character,Y
38,ELG,Non-claims,MIS-1-038-38,MIS1.38,ELG00006,,% distinct MSIS IDs with only missing values in any active segment: HEALTH-HOME-SPA-NAME (ELG00006),tmsis_hh_sntrn_prtcptn_info.hh_sntrn_name,HEALTH-HOME-SPA-NAME,ELG107,X(100),Character,Y
39,ELG,Non-claims,MIS-1-039-39,MIS1.39,ELG00006,,% distinct MSIS IDs with only missing values in any active segment: HEALTH-HOME-SPA-PARTICIPATION-EFF-DATE (ELG00006),tmsis_hh_sntrn_prtcptn_info.hh_sntrn_prtcptn_efctv_dt,HEALTH-HOME-SPA-PARTICIPATION-EFF-DATE,ELG109,9(8),Numeric,Y
40,ELG,Non-claims,MIS-1-040-40,MIS1.40,ELG00006,,% distinct MSIS IDs with only missing values in any active segment: HEALTH-HOME-SPA-PARTICIPATION-END-DATE (ELG00006),tmsis_hh_sntrn_prtcptn_info.hh_sntrn_prtcptn_end_dt,HEALTH-HOME-SPA-PARTICIPATION-END-DATE,ELG110,9(8),Numeric,Y
42,ELG,Non-claims,MIS-1-042-42,MIS1.42,ELG00007,,% distinct MSIS IDs with only missing values in any active segment: HEALTH-HOME-ENTITY-NAME (ELG00007),tmsis_hh_sntrn_prvdr.hh_ent_name,HEALTH-HOME-ENTITY-NAME,ELG119,X(100),Character,Y
43,ELG,Non-claims,MIS-1-043-43,MIS1.43,ELG00007,,% distinct MSIS IDs with only missing values in any active segment: HEALTH-HOME-PROV-NUM (ELG00007),tmsis_hh_sntrn_prvdr.hh_prvdr_num,HEALTH-HOME-PROV-NUM,ELG120,X(30),Character,Y
44,ELG,Non-claims,MIS-1-044-44,MIS1.44,ELG00007,,% distinct MSIS IDs with only missing values in any active segment: HEALTH-HOME-SPA-NAME (ELG00007),tmsis_hh_sntrn_prvdr.hh_sntrn_name,HEALTH-HOME-SPA-NAME,ELG118,X(100),Character,Y
45,ELG,Non-claims,MIS-1-045-45,MIS1.45,ELG00007,,% distinct MSIS IDs with only missing values in any active segment: HEALTH-HOME-SPA-PROVIDER-EFF-DATE (ELG00007),tmsis_hh_sntrn_prvdr.hh_sntrn_prvdr_efctv_dt,HEALTH-HOME-SPA-PROVIDER-EFF-DATE,ELG121,9(8),Numeric,Y
47,ELG,Non-claims,MIS-1-047-47,MIS1.47,ELG00008,,% distinct MSIS IDs with only missing values in any active segment: HEALTH-HOME-CHRONIC-CONDITION (ELG00008),tmsis_hh_chrnc_cond.hh_chrnc_cd,HEALTH-HOME-CHRONIC-CONDITION,ELG130,X(1),Character,Y
48,ELG,Non-claims,MIS-1-048-48,MIS1.48,ELG00008,,% distinct MSIS IDs with only missing values in any active segment: HEALTH-HOME-CHRONIC-CONDITION-EFF-DATE (ELG00008),tmsis_hh_chrnc_cond.hh_chrnc_efctv_dt,HEALTH-HOME-CHRONIC-CONDITION-EFF-DATE,ELG132,9(8),Numeric,Y
49,ELG,Non-claims,MIS-1-049-49,MIS1.49,ELG00008,,% distinct MSIS IDs with only missing values in any active segment: HEALTH-HOME-CHRONIC-CONDITION-OTHER-EXPLANATION (ELG00008),tmsis_hh_chrnc_cond.hh_chrnc_othr_explntn_txt,HEALTH-HOME-CHRONIC-CONDITION-OTHER-EXPLANATION,ELG131,X(50),Character,Y
51,ELG,Non-claims,MIS-1-051-51,MIS1.51,ELG00009,,% distinct MSIS IDs with only missing values in any active segment: LOCKED-IN-SRVCS (ELG00009),tmsis_lckin_info.lckin_prvdr_type_cd,LOCKED-IN-SRVCS,ELG141,X(2),Character,Y
52,ELG,Non-claims,MIS-1-052-52,MIS1.52,ELG00009,,% distinct MSIS IDs with only missing values in any active segment: LOCKIN-EFF-DATE (ELG00009),tmsis_lckin_info.lckin_efctv_dt,LOCKIN-EFF-DATE,ELG142,9(8),Numeric,Y
53,ELG,Non-claims,MIS-1-053-53,MIS1.53,ELG00009,,% distinct MSIS IDs with only missing values in any active segment: LOCKIN-PROV-NUM (ELG00009),tmsis_lckin_info.lckin_prvdr_num,LOCKIN-PROV-NUM,ELG140,X(30),Character,Y
55,ELG,Non-claims,MIS-1-055-55,MIS1.55,ELG00010,,% distinct MSIS IDs with only missing values in any active segment: MFP-ENROLLMENT-EFF-DATE (ELG00010),tmsis_mfp_info.mfp_enrlmt_efctv_dt,MFP-ENROLLMENT-EFF-DATE,ELG155,9(8),Numeric,Y
56,ELG,Non-claims,MIS-1-056-56,MIS1.56,ELG00010,,% distinct MSIS IDs with only missing values in any active segment: MFP-ENROLLMENT-END-DATE (ELG00010),tmsis_mfp_info.mfp_enrlmt_end_dt,MFP-ENROLLMENT-END-DATE,ELG156,9(8),Numeric,Y
59,ELG,Non-claims,MIS-1-059-59,MIS1.59,ELG00011,,% distinct MSIS IDs with only missing values in any active segment: STATE-PLAN-OPTION-EFF-DATE (ELG00011),tmsis_state_plan_prtcptn.state_plan_optn_efctv_dt,STATE-PLAN-OPTION-EFF-DATE,ELG164,9(8),Numeric,Y
60,ELG,Non-claims,MIS-1-060-60,MIS1.60,ELG00011,,% distinct MSIS IDs with only missing values in any active segment: STATE-PLAN-OPTION-TYPE (ELG00011),tmsis_state_plan_prtcptn.state_plan_optn_type_cd,STATE-PLAN-OPTION-TYPE,ELG163,X(2),Character,Y
62,ELG,Non-claims,MIS-1-062-62,MIS1.62,ELG00012,,% distinct MSIS IDs with only missing values in any active segment: WAIVER-ENROLLMENT-EFF-DATE (ELG00012),tmsis_wvr_prtcptn_data.wvr_enrlmt_efctv_dt,WAIVER-ENROLLMENT-EFF-DATE,ELG174,9(8),Numeric,Y
63,ELG,Non-claims,MIS-1-063-63,MIS1.63,ELG00012,,% distinct MSIS IDs with only missing values in any active segment: WAIVER-ID (ELG00012),tmsis_wvr_prtcptn_data.wvr_id,WAIVER-ID,ELG172,X(20),Character,Y
64,ELG,Non-claims,MIS-1-064-64,MIS1.64,ELG00012,,% distinct MSIS IDs with only missing values in any active segment: WAIVER-TYPE (ELG00012),tmsis_wvr_prtcptn_data.wvr_type_cd,WAIVER-TYPE,ELG173,X(2),Character,Y
65,ELG,Non-claims,MIS-1-065-65,MIS1.65,ELG00013,,% distinct MSIS IDs with only missing values in any active segment: LTSS-ELIGIBILITY-EFF-DATE (ELG00013),tmsis_ltss_prtcptn_data.ltss_elgblty_efctv_dt,LTSS-ELIGIBILITY-EFF-DATE,ELG184,9(8),Numeric,Y
66,ELG,Non-claims,MIS-1-066-66,MIS1.66,ELG00013,,% distinct MSIS IDs with only missing values in any active segment: LTSS-LEVEL-CARE (ELG00013),tmsis_ltss_prtcptn_data.ltss_lvl_care_cd,LTSS-LEVEL-CARE,ELG182,X(1),Character,Y
67,ELG,Non-claims,MIS-1-067-67,MIS1.67,ELG00013,,% distinct MSIS IDs with only missing values in any active segment: LTSS-PROV-NUM (ELG00013),tmsis_ltss_prtcptn_data.ltss_prvdr_num,LTSS-PROV-NUM,ELG183,X(30),Character,Y
69,ELG,Non-claims,MIS-1-069-69,MIS1.69,ELG00014,,% distinct MSIS IDs with only missing values in any active segment: ENROLLED-MANAGED-CARE-PLAN-TYPE (ELG00014),tmsis_mc_prtcptn_data.enrld_mc_plan_type_cd,ENROLLED-MANAGED-CARE-PLAN-TYPE,ELG193,X(2),Character,Y
70,ELG,Non-claims,MIS-1-070-70,MIS1.70,ELG00014,,% distinct MSIS IDs with only missing values in any active segment: MANAGED-CARE-PLAN-ENROLLMENT-EFF-DATE (ELG00014),tmsis_mc_prtcptn_data.mc_plan_enrlmt_efctv_dt,MANAGED-CARE-PLAN-ENROLLMENT-EFF-DATE,ELG196,9(8),Numeric,Y
71,ELG,Non-claims,MIS-1-071-71,MIS1.71,ELG00014,,% distinct MSIS IDs with only missing values in any active segment: MANAGED-CARE-PLAN-ID (ELG00014),tmsis_mc_prtcptn_data.mc_plan_id,MANAGED-CARE-PLAN-ID,ELG192,X(12),Character,Y
73,ELG,Non-claims,MIS-1-073-73,MIS1.73,ELG00015,,% distinct MSIS IDs with only missing values in any active segment: ETHNICITY-CODE (ELG00015),tmsis_ethncty_info.ethncty_cd,ETHNICITY-CODE,ELG204,X(1),Character,Y
74,ELG,Non-claims,MIS-1-074-74,MIS1.74,ELG00015,,% distinct MSIS IDs with only missing values in any active segment: ETHNICITY-DECLARATION-EFF-DATE (ELG00015),tmsis_ethncty_info.ethncty_dclrtn_efctv_dt,ETHNICITY-DECLARATION-EFF-DATE,ELG205,9(8),Numeric,Y
76,ELG,Non-claims,MIS-1-076-76,MIS1.76,ELG00016,,% distinct MSIS IDs with only missing values in any active segment: AMERICAN-INDIAN-ALASKAN-NATIVE-INDICATOR (ELG00016),tmsis_race_info.crtfd_amrcn_indn_alskn_ntv_ind,AMERICAN-INDIAN-ALASKAN-NATIVE-INDICATOR,ELG215,X(1),Character,Y
78,ELG,Non-claims,MIS-1-078-78,MIS1.78,ELG00016,,% distinct MSIS IDs with only missing values in any active segment: RACE (ELG00016),tmsis_race_info.race_cd,RACE,ELG213,X(3),Character,Y
79,ELG,Non-claims,MIS-1-079-79,MIS1.79,ELG00016,,% distinct MSIS IDs with only missing values in any active segment: RACE-DECLARATION-EFF-DATE (ELG00016),tmsis_race_info.race_dclrtn_efctv_dt,RACE-DECLARATION-EFF-DATE,ELG216,9(8),Numeric,Y
80,ELG,Non-claims,MIS-1-080-80,MIS1.80,ELG00016,,% distinct MSIS IDs with only missing values in any active segment: RACE-OTHER (ELG00016),tmsis_race_info.race_othr_txt,RACE-OTHER,ELG214,X(25),Character,Y
81,ELG,Non-claims,MIS-1-081-81,MIS1.81,ELG00017,,% distinct MSIS IDs with only missing values in any active segment: DISABILITY-TYPE-CODE (ELG00017),tmsis_dsblty_info.dsblty_type_cd,DISABILITY-TYPE-CODE,ELG224,X(2),Character,Y
82,ELG,Non-claims,MIS-1-082-82,MIS1.82,ELG00017,,% distinct MSIS IDs with only missing values in any active segment: DISABILITY-TYPE-EFF-DATE (ELG00017),tmsis_dsblty_info.dsblty_type_efctv_dt,DISABILITY-TYPE-EFF-DATE,ELG225,9(8),Numeric,Y
84,ELG,Non-claims,MIS-1-084-84,MIS1.84,ELG00018,,% distinct MSIS IDs with only missing values in any active segment: 1115A-DEMONSTRATION-IND (ELG00018),tmsis_sect_1115a_demo_info.sect_1115a_demo_ind,1115A-DEMONSTRATION-IND,ELG233,X(1),Character,Y
85,ELG,Non-claims,MIS-1-085-85,MIS1.85,ELG00018,,% distinct MSIS IDs with only missing values in any active segment: 1115A-EFF-DATE (ELG00018),tmsis_sect_1115a_demo_info.sect_1115a_demo_efctv_dt,1115A-EFF-DATE,ELG234,9(8),Numeric,Y
87,ELG,Non-claims,MIS-1-087-87,MIS1.87,ELG00020,,% distinct MSIS IDs with only missing values in any active segment: HCBS-CHRONIC-CONDITION-NON-HEALTH-HOME-CODE (ELG00020),tmsis_hcbs_chrnc_cond_non_hh.ndc_uom_chrnc_non_hh_cd,HCBS-CHRONIC-CONDITION-NON-HEALTH-HOME-CODE,ELG242,X(3),Character,Y
88,ELG,Non-claims,MIS-1-088-88,MIS1.88,ELG00020,,% distinct MSIS IDs with only missing values in any active segment: HCBS-CHRONIC-CONDITION-NON-HEALTH-HOME-EFF-DATE (ELG00020),tmsis_hcbs_chrnc_cond_non_hh.ndc_uom_chrnc_non_hh_efctv_dt,HCBS-CHRONIC-CONDITION-NON-HEALTH-HOME-EFF-DATE,ELG243,9(8),Numeric,Y
90,ELG,Non-claims,MIS-1-090-90,MIS1.90,ELG00021,,% distinct MSIS IDs with only missing values in any active segment: ENROLLMENT-EFF-DATE (ELG00021),tmsis_enrlmt_time_sgmt_data.enrlmt_efctv_dt,ENROLLMENT-EFF-DATE,ELG253,9(8),Numeric,Y
91,ELG,Non-claims,MIS-1-091-91,MIS1.91,ELG00021,,% distinct MSIS IDs with only missing values in any active segment: ENROLLMENT-END-DATE (ELG00021),tmsis_enrlmt_time_sgmt_data.enrlmt_end_dt,ENROLLMENT-END-DATE,ELG254,9(8),Numeric,Y
92,ELG,Non-claims,MIS-1-092-92,MIS1.92,ELG00021,,% distinct MSIS IDs with only missing values in any active segment: ENROLLMENT-TYPE (ELG00021),tmsis_enrlmt_time_sgmt_data.enrlmt_type_cd,ENROLLMENT-TYPE,ELG252,X(1),Character,Y
94,IP,Claims,MIS-2-001-1,MIS2.1,,AA,% missing: ADJUDICATION-DATE (CIP00002),tmsis_clh_rec_ip.adjdctn_dt,ADJUDICATION-DATE,CIP098,9(8),Numeric,N
96,IP,Claims,MIS-2-003-3,MIS2.3,,AA,% missing: ADMISSION-DATE (CIP00002),tmsis_clh_rec_ip.admsn_dt,ADMISSION-DATE,CIP094,9(8),Numeric,Y
97,IP,Claims,MIS-2-004-4,MIS2.4,,AA,% missing: ADMISSION-TYPE (CIP00002),tmsis_clh_rec_ip.admsn_type_cd,ADMISSION-TYPE,CIP028,X(1),Character,Y
98,IP,Claims,MIS-2-005-5,MIS2.5,,AA,% missing: BENEFICIARY-COINSURANCE-AMOUNT (CIP00002),tmsis_clh_rec_ip.bene_coinsrnc_amt,BENEFICIARY-COINSURANCE-AMOUNT,CIP206,S9(11)V99,Numeric,Y
99,IP,Claims,MIS-2-006-6,MIS2.6,,AA,% missing: BENEFICIARY-COPAYMENT-AMOUNT (CIP00002),tmsis_clh_rec_ip.bene_copmt_amt,BENEFICIARY-COPAYMENT-AMOUNT,CIP208,S9(11)V99,Numeric,Y
100,IP,Claims,MIS-2-007-7,MIS2.7,,AA,% missing: BENEFICIARY-DEDUCTIBLE-AMOUNT (CIP00002),tmsis_clh_rec_ip.bene_ddctbl_amt,BENEFICIARY-DEDUCTIBLE-AMOUNT,CIP210,S9(11)V99,Numeric,Y
101,IP,Claims,MIS-2-008-8,MIS2.8,,AA,% missing: BILLING-PROV-NPI-NUM (CIP00002),tmsis_clh_rec_ip.blg_prvdr_npi_num,BILLING-PROV-NPI-NUM,CIP180,X(10),Character,Y
102,IP,Claims,MIS-2-009-9,MIS2.9,,AA,% missing: BILLING-PROV-NUM (CIP00002),tmsis_clh_rec_ip.blg_prvdr_num,BILLING-PROV-NUM,CIP179,X(30),Character,Y
103,IP,Claims,MIS-2-010-10,MIS2.10,,AA,% missing: BILLING-PROV-TYPE (CIP00002),tmsis_clh_rec_ip.blg_prvdr_type_cd,BILLING-PROV-TYPE,CIP182,X(2),Character,Y
104,IP,Claims,MIS-2-011-11,MIS2.11,,AA,% missing: CLAIM-LINE-COUNT (CIP00002),tmsis_clh_rec_ip.cll_cnt,CLAIM-LINE-COUNT,CIP137,9(4),Numeric,Y
105,IP,Claims,MIS-2-012-12,MIS2.12,,AA,% missing: CROSSOVER-INDICATOR (CIP00002),tmsis_clh_rec_ip.xovr_ind,CROSSOVER-INDICATOR,CIP023,X(1),Character,Y
106,IP,Claims,MIS-2-013-13,MIS2.13,,AA,% missing: DIAGNOSIS-CODE-1 (CIP00002),tmsis_clh_rec_ip.dgns_1_cd,DIAGNOSIS-CODE-1,CIP032,X(7),Character,Y
107,IP,Claims,MIS-2-014-14,MIS2.14,,AA,% missing: DIAGNOSIS-CODE-10 (CIP00002),tmsis_clh_rec_ip.dgns_10_cd,DIAGNOSIS-CODE-10,CIP059,X(7),Character,Y
108,IP,Claims,MIS-2-015-15,MIS2.15,,AA,% missing: DIAGNOSIS-CODE-11 (CIP00002),tmsis_clh_rec_ip.dgns_11_cd,DIAGNOSIS-CODE-11,CIP062,X(7),Character,Y
109,IP,Claims,MIS-2-016-16,MIS2.16,,AA,% missing: DIAGNOSIS-CODE-12 (CIP00002),tmsis_clh_rec_ip.dgns_12_cd,DIAGNOSIS-CODE-12,CIP065,X(7),Character,Y
110,IP,Claims,MIS-2-017-17,MIS2.17,,AA,% missing: DIAGNOSIS-CODE-2 (CIP00002),tmsis_clh_rec_ip.dgns_2_cd,DIAGNOSIS-CODE-2,CIP035,X(7),Character,Y
111,IP,Claims,MIS-2-018-18,MIS2.18,,AA,% missing: DIAGNOSIS-CODE-3 (CIP00002),tmsis_clh_rec_ip.dgns_3_cd,DIAGNOSIS-CODE-3,CIP038,X(7),Character,Y
112,IP,Claims,MIS-2-019-19,MIS2.19,,AA,% missing: DIAGNOSIS-CODE-4 (CIP00002),tmsis_clh_rec_ip.dgns_4_cd,DIAGNOSIS-CODE-4,CIP041,X(7),Character,Y
113,IP,Claims,MIS-2-020-20,MIS2.20,,AA,% missing: DIAGNOSIS-CODE-5 (CIP00002),tmsis_clh_rec_ip.dgns_5_cd,DIAGNOSIS-CODE-5,CIP044,X(7),Character,Y
114,IP,Claims,MIS-2-021-21,MIS2.21,,AA,% missing: DIAGNOSIS-CODE-6 (CIP00002),tmsis_clh_rec_ip.dgns_6_cd,DIAGNOSIS-CODE-6,CIP047,X(7),Character,Y
115,IP,Claims,MIS-2-022-22,MIS2.22,,AA,% missing: DIAGNOSIS-CODE-7 (CIP00002),tmsis_clh_rec_ip.dgns_7_cd,DIAGNOSIS-CODE-7,CIP050,X(7),Character,Y
116,IP,Claims,MIS-2-023-23,MIS2.23,,AA,% missing: DIAGNOSIS-CODE-8 (CIP00002),tmsis_clh_rec_ip.dgns_8_cd,DIAGNOSIS-CODE-8,CIP053,X(7),Character,Y
117,IP,Claims,MIS-2-024-24,MIS2.24,,AA,% missing: DIAGNOSIS-CODE-9 (CIP00002),tmsis_clh_rec_ip.dgns_9_cd,DIAGNOSIS-CODE-9,CIP056,X(7),Character,Y
118,IP,Claims,MIS-2-025-25,MIS2.25,,AA,% missing: DIAGNOSIS-POA-FLAG-1 (CIP00002),tmsis_clh_rec_ip.dgns_poa_1_cd_ind,DIAGNOSIS-POA-FLAG-1,CIP034,X(1),Character,Y
119,IP,Claims,MIS-2-026-26,MIS2.26,,AA,% missing: DISCHARGE-DATE (CIP00002),tmsis_clh_rec_ip.dschrg_dt,DISCHARGE-DATE,CIP096,9(8),Numeric,Y
120,IP,Claims,MIS-2-027-27,MIS2.27,,AA,% missing: FIXED-PAYMENT-IND (CIP00002),tmsis_clh_rec_ip.fixd_pymt_ind,FIXED-PAYMENT-IND,CIP125,X(1),Character,Y
121,IP,Claims,MIS-2-028-28,MIS2.28,,AA,% missing: HEALTH-CARE-ACQUIRED-CONDITION-IND (CIP00002),tmsis_clh_rec_ip.hlth_care_acqrd_cond_cd,HEALTH-CARE-ACQUIRED-CONDITION-IND,CIP139,X(1),Character,Y
122,IP,Claims,MIS-2-029-29,MIS2.29,,AA,% missing: ICN-ADJ (CIP00002),tmsis_clh_rec_ip.adjstmt_clm_num,ICN-ADJ,CIP020,X(50),Character,Y
123,IP,Claims,MIS-2-030-30,MIS2.30,,AA,% missing: ICN-ORIG (CIP00002),tmsis_clh_rec_ip.orgnl_clm_num,ICN-ORIG,CIP019,X(50),Character,Y
124,IP,Claims,MIS-2-031-31,MIS2.31,,AA,% missing: MEDICAID-AMOUNT-PAID-DSH (CIP00002),tmsis_clh_rec_ip.mdcd_dsh_pd_amt,MEDICAID-AMOUNT-PAID-DSH,CIP220,S9(11)V99,Numeric,Y
125,IP,Claims,MIS-2-032-32,MIS2.32,,AA,% missing: MEDICAID-COV-INPATIENT-DAYS (CIP00002),tmsis_clh_rec_ip.mdcd_cvrd_ip_days_cnt,MEDICAID-COV-INPATIENT-DAYS,CIP136,S9(7),Numeric,Y
126,IP,Claims,MIS-2-033-33,MIS2.33,,AA,% missing: MEDICARE-PAID-AMT (CIP00002),tmsis_clh_rec_ip.mdcr_pd_amt,MEDICARE-PAID-AMT,CIP228,S9(11)V99,Numeric,Y
127,IP,Claims,MIS-2-034-34,MIS2.34,,AA,% missing: MEDICARE-REIM-TYPE (CIP00002),tmsis_clh_rec_ip.mdcr_reimbrsmt_type_cd,MEDICARE-REIM-TYPE,CIP133,X(2),Character,Y
128,IP,Claims,MIS-2-035-35,MIS2.35,,AA,% missing: MSIS-IDENTIFICATION-NUM (CIP00002),tmsis_clh_rec_ip.msis_ident_num,MSIS-IDENTIFICATION-NUM,CIP022,X(20),Character,Y
129,IP,Claims,MIS-2-036-36,MIS2.36,,AA,% missing: NON-COV-CHARGES (CIP00002),tmsis_clh_rec_ip.ncvrd_chrgs_amt,NON-COV-CHARGES,CIP135,S9(11)V99,Numeric,Y
130,IP,Claims,MIS-2-037-37,MIS2.37,,AA,% missing: OTHER-INSURANCE-IND (CIP00002),tmsis_clh_rec_ip.othr_insrnc_ind,OTHER-INSURANCE-IND,CIP121,X(1),Character,Y
131,IP,Claims,MIS-2-038-38,MIS2.38,,AA,% missing: OTHER-TPL-COLLECTION (CIP00002),tmsis_clh_rec_ip.othr_tpl_clctn_cd,OTHER-TPL-COLLECTION,CIP122,X(3),Character,Y
132,IP,Claims,MIS-2-039-39,MIS2.39,,AA,% missing: PATIENT-STATUS (CIP00002),tmsis_clh_rec_ip.ptnt_stus_cd,PATIENT-STATUS,CIP199,X(2),Character,Y
133,IP,Claims,MIS-2-040-40,MIS2.40,,AA,% missing: PLAN-ID-NUMBER (CIP00002),tmsis_clh_rec_ip.plan_id_num,PLAN-ID-NUMBER,CIP130,X(12),Character,Y
134,IP,Claims,MIS-2-041-41,MIS2.41,,AA,% missing: PROCEDURE-CODE-1 (CIP00002),tmsis_clh_rec_ip.prcdr_1_cd,PROCEDURE-CODE-1,CIP070,X(8),Character,Y
135,IP,Claims,MIS-2-042-42,MIS2.42,,AA,% missing: PROCEDURE-CODE-2 (CIP00002),tmsis_clh_rec_ip.prcdr_2_cd,PROCEDURE-CODE-2,CIP074,X(8),Character,Y
136,IP,Claims,MIS-2-043-43,MIS2.43,,AA,% missing: PROCEDURE-CODE-DATE-1 (CIP00002),tmsis_clh_rec_ip.prcdr_1_cd_dt,PROCEDURE-CODE-DATE-1,CIP073,9(8),Numeric,Y
137,IP,Claims,MIS-2-044-44,MIS2.44,,AA,% missing: PROCEDURE-CODE-DATE-2 (CIP00002),tmsis_clh_rec_ip.prcdr_2_cd_dt,PROCEDURE-CODE-DATE-2,CIP077,9(8),Numeric,Y
138,IP,Claims,MIS-2-045-45,MIS2.45,,AA,% missing: PROCEDURE-CODE-FLAG-1 (CIP00002),tmsis_clh_rec_ip.prcdr_1_cd_ind,PROCEDURE-CODE-FLAG-1,CIP072,X(2),Character,Y
139,IP,Claims,MIS-2-046-46,MIS2.46,,AA,% missing: PROCEDURE-CODE-FLAG-2 (CIP00002),tmsis_clh_rec_ip.prcdr_2_cd_ind,PROCEDURE-CODE-FLAG-2,CIP076,X(2),Character,Y
140,IP,Claims,MIS-2-047-47,MIS2.47,,AA,% missing: PROGRAM-TYPE (CIP00002),tmsis_clh_rec_ip.pgm_type_cd,PROGRAM-TYPE,CIP129,X(2),Character,Y
141,IP,Claims,MIS-2-048-48,MIS2.48,,AA,% missing: TOT-ALLOWED-AMT (CIP00002),tmsis_clh_rec_ip.tot_alowd_amt,TOT-ALLOWED-AMT,CIP113,S9(11)V99,Numeric,Y
142,IP,Claims,MIS-2-049-49,MIS2.49,,AA,% missing: TOT-BILLED-AMT (CIP00002),tmsis_clh_rec_ip.tot_bill_amt,TOT-BILLED-AMT,CIP112,S9(11)V99,Numeric,Y
143,IP,Claims,MIS-2-050-50,MIS2.50,,AA,% missing: TOT-COPAY-AMT (CIP00002),tmsis_clh_rec_ip.tot_copay_amt,TOT-COPAY-AMT,CIP115,S9(11)V99,Numeric,Y
144,IP,Claims,MIS-2-051-51,MIS2.51,,AA,% missing: TOT-MEDICAID-PAID-AMT (CIP00002),tmsis_clh_rec_ip.tot_mdcd_pd_amt,TOT-MEDICAID-PAID-AMT,CIP114,S9(11)V99,Numeric,Y
145,IP,Claims,MIS-2-052-52,MIS2.52,,AA,% missing: TOT-OTHER-INSURANCE-AMT (CIP00002),tmsis_clh_rec_ip.tot_othr_insrnc_amt,TOT-OTHER-INSURANCE-AMT,CIP119,S9(11)V99,Numeric,Y
146,IP,Claims,MIS-2-053-53,MIS2.53,,AA,% missing: TOT-TPL-AMT (CIP00002),tmsis_clh_rec_ip.tot_tpl_amt,TOT-TPL-AMT,CIP118,S9(11)V99,Numeric,Y
147,IP,Claims,MIS-2-054-54,MIS2.54,,AA,% missing: TYPE-OF-BILL (CIP00002),tmsis_clh_rec_ip.bill_type_cd,TYPE-OF-BILL,CIP101,X(4),Character,Y
148,IP,Claims,MIS-2-055-55,MIS2.55,,AA,% missing: TYPE-OF-CLAIM (CIP00002),tmsis_clh_rec_ip.clm_type_cd,TYPE-OF-CLAIM,CIP100,X(1),Character,N
149,IP,Claims,MIS-2-056-56,MIS2.56,,AA,% missing: TYPE-OF-HOSPITAL (CIP00002),tmsis_clh_rec_ip.hosp_type_cd,TYPE-OF-HOSPITAL,CIP024,X(2),Character,Y
150,IP,Claims,MIS-3-001-1,MIS3.1,,AA,% missing: ADJUDICATION-DATE (CIP00003),tmsis_cll_rec_ip.adjdctn_dt,ADJUDICATION-DATE,CIP286,9(8),Numeric,N
151,IP,Claims,MIS-3-002-2,MIS3.2,,AA,% missing: BEGINNING-DATE-OF-SERVICE (CIP00003),tmsis_cll_rec_ip.srvc_bgnng_dt,BEGINNING-DATE-OF-SERVICE,CIP243,9(8),Numeric,Y
152,IP,Claims,MIS-3-003-3,MIS3.3,,AA,% missing: ENDING-DATE-OF-SERVICE (CIP00003),tmsis_cll_rec_ip.srvc_endg_dt,ENDING-DATE-OF-SERVICE,CIP244,9(8),Numeric,Y
153,IP,Claims,MIS-3-004-4,MIS3.4,,AA,% missing: ICN-ADJ (CIP00003),tmsis_cll_rec_ip.adjstmt_clm_num,ICN-ADJ,CIP236,X(50),Character,Y
154,IP,Claims,MIS-3-005-5,MIS3.5,,AA,% missing: ICN-ORIG (CIP00003),tmsis_cll_rec_ip.orgnl_clm_num,ICN-ORIG,CIP235,X(50),Character,Y
156,IP,Claims,MIS-3-007-7,MIS3.7,,AA,% missing: LINE-NUM-ADJ (CIP00003),tmsis_cll_rec_ip.adjstmt_line_num,LINE-NUM-ADJ,CIP238,X(3),Character,Y
157,IP,Claims,MIS-3-008-8,MIS3.8,,AA,% missing: LINE-NUM-ORIG (CIP00003),tmsis_cll_rec_ip.orgnl_line_num,LINE-NUM-ORIG,CIP237,X(3),Character,Y
158,IP,Claims,MIS-3-009-9,MIS3.9,,AA,% missing: MEDICAID-PAID-AMT (CIP00003),tmsis_cll_rec_ip.mdcd_pd_amt,MEDICAID-PAID-AMT,CIP254,S9(11)V99,Numeric,Y
159,IP,Claims,MIS-3-010-10,MIS3.10,,AA,% missing: PROV-FACILITY-TYPE (CIP00003),tmsis_cll_rec_ip.prvdr_fac_type_cd,PROV-FACILITY-TYPE,CIP267,X(9),Character,Y
160,IP,Claims,MIS-3-011-11,MIS3.11,,AA,% missing: REVENUE-CHARGE (CIP00003),tmsis_cll_rec_ip.rev_chrg_amt,REVENUE-CHARGE,CIP251,S9(11)V99,Numeric,Y
161,IP,Claims,MIS-3-012-12,MIS3.12,,AA,% missing: REVENUE-CODE (CIP00003),tmsis_cll_rec_ip.rev_cd,REVENUE-CODE,CIP245,X(4),Character,Y
162,IP,Claims,MIS-3-013-13,MIS3.13,,AA,% missing: SERVICING-PROV-NPI-NUM (CIP00003),tmsis_cll_rec_ip.prscrbng_prvdr_npi_num,SERVICING-PROV-NPI-NUM,CIP261,X(10),Character,Y
163,IP,Claims,MIS-3-014-14,MIS3.14,,AA,% missing: SERVICING-PROV-NUM (CIP00003),tmsis_cll_rec_ip.srvcng_prvdr_num,SERVICING-PROV-NUM,CIP260,X(30),Character,Y
164,IP,Claims,MIS-3-015-15,MIS3.15,,AA,% missing: SERVICING-PROV-SPECIALTY (CIP00003),tmsis_cll_rec_ip.srvcng_prvdr_spclty_cd,SERVICING-PROV-SPECIALTY,CIP264,X(2),Character,Y
165,IP,Claims,MIS-3-016-16,MIS3.16,,AA,% missing: SERVICING-PROV-TYPE (CIP00003),tmsis_cll_rec_ip.srvcng_prvdr_type_cd,SERVICING-PROV-TYPE,CIP263,X(2),Character,Y
166,IP,Claims,MIS-3-017-17,MIS3.17,,AA,% missing: TYPE-OF-SERVICE (CIP00003),tmsis_cll_rec_ip.stc_cd,TYPE-OF-SERVICE,CIP257,X(3),Character,Y
167,LT,Claims,MIS-4-001-1,MIS4.1,,AA,% missing: ADJUDICATION-DATE (CLT00002),tmsis_clh_rec_lt.adjdctn_dt,ADJUDICATION-DATE,CLT050,9(8),Numeric,N
169,LT,Claims,MIS-4-003-3,MIS4.3,,AA,% missing: BEGINNING-DATE-OF-SERVICE (CLT00002),tmsis_clh_rec_lt.srvc_bgnng_dt,BEGINNING-DATE-OF-SERVICE,CLT048,9(8),Numeric,Y
170,LT,Claims,MIS-4-004-4,MIS4.4,,AA,% missing: BENEFICIARY-COINSURANCE-AMOUNT (CLT00002),tmsis_clh_rec_lt.bene_coinsrnc_amt,BENEFICIARY-COINSURANCE-AMOUNT,CLT153,S9(11)V99,Numeric,Y
171,LT,Claims,MIS-4-005-5,MIS4.5,,AA,% missing: BENEFICIARY-COPAYMENT-AMOUNT (CLT00002),tmsis_clh_rec_lt.bene_copmt_amt,BENEFICIARY-COPAYMENT-AMOUNT,CLT155,S9(11)V99,Numeric,Y
172,LT,Claims,MIS-4-006-6,MIS4.6,,AA,% missing: BENEFICIARY-DEDUCTIBLE-AMOUNT (CLT00002),tmsis_clh_rec_lt.bene_ddctbl_amt,BENEFICIARY-DEDUCTIBLE-AMOUNT,CLT157,S9(11)V99,Numeric,Y
173,LT,Claims,MIS-4-007-7,MIS4.7,,AA,% missing: BILLING-PROV-NPI-NUM (CLT00002),tmsis_clh_rec_lt.blg_prvdr_npi_num,BILLING-PROV-NPI-NUM,CLT131,X(10),Character,Y
174,LT,Claims,MIS-4-008-8,MIS4.8,,AA,% missing: BILLING-PROV-NUM (CLT00002),tmsis_clh_rec_lt.blg_prvdr_num,BILLING-PROV-NUM,CLT130,X(30),Character,Y
175,LT,Claims,MIS-4-009-9,MIS4.9,,AA,% missing: BILLING-PROV-TYPE (CLT00002),tmsis_clh_rec_lt.blg_prvdr_type_cd,BILLING-PROV-TYPE,CLT133,X(2),Character,Y
176,LT,Claims,MIS-4-010-10,MIS4.10,,AA,% missing: CLAIM-LINE-COUNT (CLT00002),tmsis_clh_rec_lt.cll_cnt,CLAIM-LINE-COUNT,CLT087,9(4),Numeric,Y
177,LT,Claims,MIS-4-011-11,MIS4.11,,AA,% missing: CROSSOVER-INDICATOR (CLT00002),tmsis_clh_rec_lt.xovr_ind,CROSSOVER-INDICATOR,CLT023,X(1),Character,Y
178,LT,Claims,MIS-4-012-12,MIS4.12,,AA,% missing: DIAGNOSIS-CODE-1 (CLT00002),tmsis_clh_rec_lt.dgns_1_cd,DIAGNOSIS-CODE-1,CLT029,X(7),Character,Y
179,LT,Claims,MIS-4-013-13,MIS4.13,,AA,% missing: DIAGNOSIS-CODE-2 (CLT00002),tmsis_clh_rec_lt.dgns_2_cd,DIAGNOSIS-CODE-2,CLT032,X(7),Character,Y
180,LT,Claims,MIS-4-014-14,MIS4.14,,AA,% missing: DIAGNOSIS-CODE-FLAG-1 (CLT00002),tmsis_clh_rec_lt.dgns_1_cd_ind,DIAGNOSIS-CODE-FLAG-1,CLT030,X(1),Character,Y
181,LT,Claims,MIS-4-015-15,MIS4.15,,AA,% missing: DIAGNOSIS-CODE-FLAG-2 (CLT00002),tmsis_clh_rec_lt.dgns_2_cd_ind,DIAGNOSIS-CODE-FLAG-2,CLT033,X(1),Character,Y
182,LT,Claims,MIS-4-016-16,MIS4.16,,AA,% missing: DIAGNOSIS-POA-FLAG-1 (CLT00002),tmsis_clh_rec_lt.dgns_poa_1_cd_ind,DIAGNOSIS-POA-FLAG-1,CLT031,X(1),Character,Y
183,LT,Claims,MIS-4-017-17,MIS4.17,,AA,% missing: ENDING-DATE-OF-SERVICE (CLT00002),tmsis_clh_rec_lt.srvc_endg_dt,ENDING-DATE-OF-SERVICE,CLT049,9(8),Numeric,Y
184,LT,Claims,MIS-4-018-18,MIS4.18,,AA,% missing: FIXED-PAYMENT-IND (CLT00002),tmsis_clh_rec_lt.fixd_pymt_ind,FIXED-PAYMENT-IND,CLT075,X(1),Character,Y
185,LT,Claims,MIS-4-019-19,MIS4.19,,AA,% missing: HEALTH-CARE-ACQUIRED-CONDITION-IND (CLT00002),tmsis_clh_rec_lt.hlth_care_acqrd_cond_cd,HEALTH-CARE-ACQUIRED-CONDITION-IND,CLT091,X(1),Character,Y
186,LT,Claims,MIS-4-020-20,MIS4.20,,AA,% missing: ICF-IID-DAYS (CLT00002),tmsis_clh_rec_lt.icf_iid_days_cnt,ICF-IID-DAYS,CLT147,S9(5),Numeric,Y
187,LT,Claims,MIS-4-021-21,MIS4.21,,AA,% missing: ICN-ADJ (CLT00002),tmsis_clh_rec_lt.adjstmt_clm_num,ICN-ADJ,CLT020,X(50),Character,Y
188,LT,Claims,MIS-4-022-22,MIS4.22,,AA,% missing: ICN-ORIG (CLT00002),tmsis_clh_rec_lt.orgnl_clm_num,ICN-ORIG,CLT019,X(50),Character,Y
189,LT,Claims,MIS-4-023-23,MIS4.23,,AA,% missing: LEAVE-DAYS (CLT00002),tmsis_clh_rec_lt.lve_days_cnt,LEAVE-DAYS,CLT148,S9(5),Numeric,Y
190,LT,Claims,MIS-4-024-24,MIS4.24,,AA,% missing: LTC-RCP-LIAB-AMT (CLT00002),tmsis_clh_rec_lt.ltc_rcp_lblty_amt,LTC-RCP-LIAB-AMT,CLT145,S9(11)V99,Numeric,Y
191,LT,Claims,MIS-4-025-25,MIS4.25,,AA,% missing: MEDICAID-COV-INPATIENT-DAYS (CLT00002),tmsis_clh_rec_lt.mdcd_cvrd_ip_days_cnt,MEDICAID-COV-INPATIENT-DAYS,CLT086,S9(5),Numeric,Y
192,LT,Claims,MIS-4-026-26,MIS4.26,,AA,% missing: MEDICARE-PAID-AMT (CLT00002),tmsis_clh_rec_lt.mdcr_pd_amt,MEDICARE-PAID-AMT,CLT179,S9(11)V99,Numeric,Y
193,LT,Claims,MIS-4-027-27,MIS4.27,,AA,% missing: MEDICARE-REIM-TYPE (CLT00002),tmsis_clh_rec_lt.mdcr_reimbrsmt_type_cd,MEDICARE-REIM-TYPE,CLT083,X(2),Character,Y
194,LT,Claims,MIS-4-028-28,MIS4.28,,AA,% missing: MSIS-IDENTIFICATION-NUM (CLT00002),tmsis_clh_rec_lt.msis_ident_num,MSIS-IDENTIFICATION-NUM,CLT022,X(20),Character,Y
195,LT,Claims,MIS-4-029-29,MIS4.29,,AA,% missing: NURSING-FACILITY-DAYS (CLT00002),tmsis_clh_rec_lt.nrsng_fac_days_cnt,NURSING-FACILITY-DAYS,CLT149,S9(5),Numeric,Y
196,LT,Claims,MIS-4-030-30,MIS4.30,,AA,% missing: OTHER-INSURANCE-IND (CLT00002),tmsis_clh_rec_lt.othr_insrnc_ind,OTHER-INSURANCE-IND,CLT071,X(1),Character,Y
197,LT,Claims,MIS-4-031-31,MIS4.31,,AA,% missing: OTHER-TPL-COLLECTION (CLT00002),tmsis_clh_rec_lt.othr_tpl_clctn_cd,OTHER-TPL-COLLECTION,CLT072,X(3),Character,Y
198,LT,Claims,MIS-4-032-32,MIS4.32,,AA,% missing: PATIENT-STATUS (CLT00002),tmsis_clh_rec_lt.ptnt_stus_cd,PATIENT-STATUS,CLT141,X(2),Character,Y
199,LT,Claims,MIS-4-033-33,MIS4.33,,AA,% missing: PLAN-ID-NUMBER (CLT00002),tmsis_clh_rec_lt.plan_id_num,PLAN-ID-NUMBER,CLT080,X(12),Character,Y
200,LT,Claims,MIS-4-034-34,MIS4.34,,AA,% missing: PROGRAM-TYPE (CLT00002),tmsis_clh_rec_lt.pgm_type_cd,PROGRAM-TYPE,CLT079,X(2),Character,Y
201,LT,Claims,MIS-4-035-35,MIS4.35,,AA,% missing: TOT-ALLOWED-AMT (CLT00002),tmsis_clh_rec_lt.tot_alowd_amt,TOT-ALLOWED-AMT,CLT064,S9(11)V99,Numeric,Y
202,LT,Claims,MIS-4-036-36,MIS4.36,,AA,% missing: TOT-BILLED-AMT (CLT00002),tmsis_clh_rec_lt.tot_bill_amt,TOT-BILLED-AMT,CLT063,S9(11)V99,Numeric,Y
203,LT,Claims,MIS-4-037-37,MIS4.37,,AA,% missing: TOT-MEDICAID-PAID-AMT (CLT00002),tmsis_clh_rec_lt.tot_mdcd_pd_amt,TOT-MEDICAID-PAID-AMT,CLT065,S9(11)V99,Numeric,Y
204,LT,Claims,MIS-4-038-38,MIS4.38,,AA,% missing: TOT-MEDICARE-COINS-AMT (CLT00002),tmsis_clh_rec_lt.tot_mdcr_coinsrnc_amt,TOT-MEDICARE-COINS-AMT,CLT068,S9(11)V99,Numeric,Y
205,LT,Claims,MIS-4-039-39,MIS4.39,,AA,% missing: TOT-MEDICARE-DEDUCTIBLE-AMT (CLT00002),tmsis_clh_rec_lt.tot_mdcr_ddctbl_amt,TOT-MEDICARE-DEDUCTIBLE-AMT,CLT067,S9(11)V99,Numeric,Y
206,LT,Claims,MIS-4-040-40,MIS4.40,,AA,% missing: TOT-OTHER-INSURANCE-AMT (CLT00002),tmsis_clh_rec_lt.tot_othr_insrnc_amt,TOT-OTHER-INSURANCE-AMT,CLT070,S9(11)V99,Numeric,Y
207,LT,Claims,MIS-4-041-41,MIS4.41,,AA,% missing: TOT-TPL-AMT (CLT00002),tmsis_clh_rec_lt.tot_tpl_amt,TOT-TPL-AMT,CLT069,S9(11)V99,Numeric,Y
208,LT,Claims,MIS-4-042-42,MIS4.42,,AA,% missing: TYPE-OF-BILL (CLT00002),tmsis_clh_rec_lt.bill_type_cd,TYPE-OF-BILL,CLT053,X(4),Character,Y
209,LT,Claims,MIS-4-043-43,MIS4.43,,AA,% missing: TYPE-OF-CLAIM (CLT00002),tmsis_clh_rec_lt.clm_type_cd,TYPE-OF-CLAIM,CLT052,X(1),Character,N
210,LT,Claims,MIS-5-001-1,MIS5.1,,AA,% missing: ADJUDICATION-DATE (CLT00003),tmsis_cll_rec_lt.adjdctn_dt,ADJUDICATION-DATE,CLT233,9(8),Numeric,N
211,LT,Claims,MIS-5-002-2,MIS5.2,,AA,% missing: BEGINNING-DATE-OF-SERVICE (CLT00003),tmsis_cll_rec_lt.srvc_bgnng_dt,BEGINNING-DATE-OF-SERVICE,CLT196,9(8),Numeric,N
212,LT,Claims,MIS-5-003-3,MIS5.3,,AA,% missing: CMS-64-CATEGORY-FOR-FEDERAL-REIMBURSEMENT (CLT00003),tmsis_cll_rec_lt.cms_64_fed_reimbrsmt_ctgry_cd,CMS-64-CATEGORY-FOR-FEDERAL-REIMBURSEMENT,CLT219,X(2),Character,N
213,LT,Claims,MIS-5-004-4,MIS5.4,,AA,% missing: ENDING-DATE-OF-SERVICE (CLT00003),tmsis_cll_rec_lt.srvc_endg_dt,ENDING-DATE-OF-SERVICE,CLT197,9(8),Numeric,Y
214,LT,Claims,MIS-5-005-5,MIS5.5,,AA,% missing: ICN-ADJ (CLT00003),tmsis_cll_rec_lt.adjstmt_clm_num,ICN-ADJ,CLT189,X(50),Character,Y
215,LT,Claims,MIS-5-006-6,MIS5.6,,AA,% missing: ICN-ORIG (CLT00003),tmsis_cll_rec_lt.orgnl_clm_num,ICN-ORIG,CLT188,X(50),Character,Y
217,LT,Claims,MIS-5-008-8,MIS5.8,,AA,% missing: LINE-NUM-ADJ (CLT00003),tmsis_cll_rec_lt.adjstmt_line_num,LINE-NUM-ADJ,CLT191,X(3),Character,Y
218,LT,Claims,MIS-5-009-9,MIS5.9,,AA,% missing: LINE-NUM-ORIG (CLT00003),tmsis_cll_rec_lt.orgnl_line_num,LINE-NUM-ORIG,CLT190,X(3),Character,Y
219,LT,Claims,MIS-5-010-10,MIS5.10,,AA,% missing: MEDICAID-FFS-EQUIVALENT-AMT (CLT00003),tmsis_cll_rec_lt.mdcd_ffs_equiv_amt,MEDICAID-FFS-EQUIVALENT-AMT,CLT209,S9(11)V99,Numeric,Y
220,LT,Claims,MIS-5-011-11,MIS5.11,,AA,% missing: MEDICAID-PAID-AMT (CLT00003),tmsis_cll_rec_lt.mdcd_pd_amt,MEDICAID-PAID-AMT,CLT208,S9(11)V99,Numeric,Y
221,LT,Claims,MIS-5-012-12,MIS5.12,,AA,% missing: PROV-FACILITY-TYPE (CLT00003),tmsis_cll_rec_lt.prvdr_fac_type_cd,PROV-FACILITY-TYPE,CLT221,X(9),Character,Y
222,LT,Claims,MIS-5-013-13,MIS5.13,,AA,% missing: REVENUE-CHARGE (CLT00003),tmsis_cll_rec_lt.rev_chrg_amt,REVENUE-CHARGE,CLT204,S9(11)V99,Numeric,Y
223,LT,Claims,MIS-5-014-14,MIS5.14,,AA,% missing: REVENUE-CODE (CLT00003),tmsis_cll_rec_lt.rev_cd,REVENUE-CODE,CLT198,X(4),Character,Y
224,LT,Claims,MIS-5-015-15,MIS5.15,,AA,% missing: SERVICING-PROV-NPI-NUM (CLT00003),tmsis_cll_rec_lt.prscrbng_prvdr_npi_num,SERVICING-PROV-NPI-NUM,CLT213,X(10),Character,Y
225,LT,Claims,MIS-5-016-16,MIS5.16,,AA,% missing: SERVICING-PROV-NUM (CLT00003),tmsis_cll_rec_lt.srvcng_prvdr_num,SERVICING-PROV-NUM,CLT212,X(30),Character,Y
226,LT,Claims,MIS-5-017-17,MIS5.17,,AA,% missing: SERVICING-PROV-SPECIALTY (CLT00003),tmsis_cll_rec_lt.srvcng_prvdr_spclty_cd,SERVICING-PROV-SPECIALTY,CLT216,X(2),Character,Y
227,LT,Claims,MIS-5-018-18,MIS5.18,,AA,% missing: SERVICING-PROV-TYPE (CLT00003),tmsis_cll_rec_lt.srvcng_prvdr_type_cd,SERVICING-PROV-TYPE,CLT215,X(2),Character,Y
228,LT,Claims,MIS-5-019-19,MIS5.19,,AA,% missing: TYPE-OF-SERVICE (CLT00003),tmsis_cll_rec_lt.stc_cd,TYPE-OF-SERVICE,CLT211,X(3),Character,Y
229,OT,Claims,MIS-6-001-1,MIS6.1,,AA,% missing: ADJUDICATION-DATE (COT00002),tmsis_clh_rec_othr_toc.adjdctn_dt,ADJUDICATION-DATE,COT035,9(8),Numeric,N
231,OT,Claims,MIS-6-003-3,MIS6.3,,AA,% missing: BEGINNING-DATE-OF-SERVICE (COT00002),tmsis_clh_rec_othr_toc.srvc_bgnng_dt,BEGINNING-DATE-OF-SERVICE,COT033,9(8),Numeric,Y
232,OT,Claims,MIS-6-004-4,MIS6.4,,AA,% missing: BENEFICIARY-COINSURANCE-AMOUNT (COT00002),tmsis_clh_rec_othr_toc.bene_coinsrnc_amt,BENEFICIARY-COINSURANCE-AMOUNT,COT130,S9(11)V99,Numeric,Y
233,OT,Claims,MIS-6-005-5,MIS6.5,,AA,% missing: BENEFICIARY-COPAYMENT-AMOUNT (COT00002),tmsis_clh_rec_othr_toc.bene_copmt_amt,BENEFICIARY-COPAYMENT-AMOUNT,COT132,S9(11)V99,Numeric,Y
234,OT,Claims,MIS-6-006-6,MIS6.6,,AA,% missing: BENEFICIARY-DEDUCTIBLE-AMOUNT (COT00002),tmsis_clh_rec_othr_toc.bene_ddctbl_amt,BENEFICIARY-DEDUCTIBLE-AMOUNT,COT134,S9(11)V99,Numeric,Y
235,OT,Claims,MIS-6-007-7,MIS6.7,,AA,% missing: BILLING-PROV-NPI-NUM (COT00002),tmsis_clh_rec_othr_toc.blg_prvdr_npi_num,BILLING-PROV-NPI-NUM,COT113,X(10),Character,Y
236,OT,Claims,MIS-6-008-8,MIS6.8,,AA,% missing: BILLING-PROV-NUM (COT00002),tmsis_clh_rec_othr_toc.blg_prvdr_num,BILLING-PROV-NUM,COT112,X(30),Character,Y
237,OT,Claims,MIS-6-009-9,MIS6.9,,AA,% missing: BILLING-PROV-TYPE (COT00002),tmsis_clh_rec_othr_toc.blg_prvdr_type_cd,BILLING-PROV-TYPE,COT115,X(2),Character,Y
238,OT,Claims,MIS-6-010-10,MIS6.10,,AA,% missing: CLAIM-LINE-COUNT (COT00002),tmsis_clh_rec_othr_toc.cll_cnt,CLAIM-LINE-COUNT,COT070,9(4),Numeric,Y
239,OT,Claims,MIS-6-011-11,MIS6.11,,AA,% missing: CROSSOVER-INDICATOR (COT00002),tmsis_clh_rec_othr_toc.xovr_ind,CROSSOVER-INDICATOR,COT023,X(1),Character,Y
240,OT,Claims,MIS-6-012-12,MIS6.12,,AA,% missing: DIAGNOSIS-CODE-1 (COT00002),tmsis_clh_rec_othr_toc.dgns_1_cd,DIAGNOSIS-CODE-1,COT027,X(7),Character,Y
241,OT,Claims,MIS-6-013-13,MIS6.13,,AA,% missing: DIAGNOSIS-CODE-2 (COT00002),tmsis_clh_rec_othr_toc.dgns_2_cd,DIAGNOSIS-CODE-2,COT030,X(7),Character,Y
242,OT,Claims,MIS-6-014-14,MIS6.14,,AA,% missing: DIAGNOSIS-CODE-FLAG-1 (COT00002),tmsis_clh_rec_othr_toc.dgns_1_cd_ind,DIAGNOSIS-CODE-FLAG-1,COT028,X(1),Character,Y
243,OT,Claims,MIS-6-015-15,MIS6.15,,AA,% missing: DIAGNOSIS-CODE-FLAG-2 (COT00002),tmsis_clh_rec_othr_toc.dgns_2_cd_ind,DIAGNOSIS-CODE-FLAG-2,COT031,X(1),Character,Y
244,OT,Claims,MIS-6-016-16,MIS6.16,,AA,% missing: DIAGNOSIS-POA-FLAG-1 (COT00002),tmsis_clh_rec_othr_toc.dgns_poa_1_cd_ind,DIAGNOSIS-POA-FLAG-1,COT029,X(1),Character,Y
245,OT,Claims,MIS-6-017-17,MIS6.17,,AA,% missing: ENDING-DATE-OF-SERVICE (COT00002),tmsis_clh_rec_othr_toc.srvc_endg_dt,ENDING-DATE-OF-SERVICE,COT034,9(8),Numeric,Y
246,OT,Claims,MIS-6-018-18,MIS6.18,,AA,% missing: FIXED-PAYMENT-IND (COT00002),tmsis_clh_rec_othr_toc.fixd_pymt_ind,FIXED-PAYMENT-IND,COT061,X(1),Character,Y
247,OT,Claims,MIS-6-019-19,MIS6.19,,AA,% missing: HEALTH-HOME-PROV-IND (COT00002),tmsis_clh_rec_othr_toc.hh_prvdr_ind,HEALTH-HOME-PROV-IND,COT109,X(1),Character,Y
248,OT,Claims,MIS-6-020-20,MIS6.20,,AA,% missing: ICN-ADJ (COT00002),tmsis_clh_rec_othr_toc.adjstmt_clm_num,ICN-ADJ,COT020,X(50),Character,Y
249,OT,Claims,MIS-6-021-21,MIS6.21,,AA,% missing: ICN-ORIG (COT00002),tmsis_clh_rec_othr_toc.orgnl_clm_num,ICN-ORIG,COT019,X(50),Character,Y
250,OT,Claims,MIS-6-022-22,MIS6.22,,AA,% missing: MSIS-IDENTIFICATION-NUM (COT00002),tmsis_clh_rec_othr_toc.msis_ident_num,MSIS-IDENTIFICATION-NUM,COT022,X(20),Character,Y
251,OT,Claims,MIS-6-023-23,MIS6.23,,AA,% missing: OTHER-INSURANCE-IND (COT00002),tmsis_clh_rec_othr_toc.othr_insrnc_ind,OTHER-INSURANCE-IND,COT057,X(1),Character,Y
252,OT,Claims,MIS-6-024-24,MIS6.24,,AA,% missing: OTHER-TPL-COLLECTION (COT00002),tmsis_clh_rec_othr_toc.othr_tpl_clctn_cd,OTHER-TPL-COLLECTION,COT058,X(3),Character,Y
253,OT,Claims,MIS-6-025-25,MIS6.25,,AA,% missing: PLACE-OF-SERVICE (COT00002),tmsis_clh_rec_othr_toc.srvc_plc_cd,PLACE-OF-SERVICE,COT123,X(2),Character,Y
254,OT,Claims,MIS-6-026-26,MIS6.26,,AA,% missing: PLAN-ID-NUMBER (COT00002),tmsis_clh_rec_othr_toc.plan_id_num,PLAN-ID-NUMBER,COT066,X(12),Character,Y
255,OT,Claims,MIS-6-027-27,MIS6.27,,AA,% missing: PROGRAM-TYPE (COT00002),tmsis_clh_rec_othr_toc.pgm_type_cd,PROGRAM-TYPE,COT065,X(2),Character,Y
256,OT,Claims,MIS-6-028-28,MIS6.28,,AA,% missing: TOT-MEDICAID-PAID-AMT (COT00002),tmsis_clh_rec_othr_toc.tot_mdcd_pd_amt,TOT-MEDICAID-PAID-AMT,COT050,S9(11)V99,Numeric,Y
257,OT,Claims,MIS-6-029-29,MIS6.29,,AA,% missing: TOT-MEDICARE-COINS-AMT (COT00002),tmsis_clh_rec_othr_toc.tot_mdcr_coinsrnc_amt,TOT-MEDICARE-COINS-AMT,COT053,S9(11)V99,Numeric,Y
258,OT,Claims,MIS-6-030-30,MIS6.30,,AA,% missing: TOT-MEDICARE-DEDUCTIBLE-AMT (COT00002),tmsis_clh_rec_othr_toc.tot_mdcr_ddctbl_amt,TOT-MEDICARE-DEDUCTIBLE-AMT,COT052,S9(11)V99,Numeric,Y
259,OT,Claims,MIS-6-031-31,MIS6.31,,AA,% missing: TOT-OTHER-INSURANCE-AMT (COT00002),tmsis_clh_rec_othr_toc.tot_othr_insrnc_amt,TOT-OTHER-INSURANCE-AMT,COT056,S9(11)V99,Numeric,Y
260,OT,Claims,MIS-6-032-32,MIS6.32,,AA,% missing: TOT-TPL-AMT (COT00002),tmsis_clh_rec_othr_toc.tot_tpl_amt,TOT-TPL-AMT,COT054,S9(11)V99,Numeric,Y
261,OT,Claims,MIS-6-033-33,MIS6.33,,AA,% missing: TYPE-OF-BILL (COT00002),tmsis_clh_rec_othr_toc.bill_type_cd,TYPE-OF-BILL,COT038,X(4),Character,Y
262,OT,Claims,MIS-6-034-34,MIS6.34,,AA,% missing: TYPE-OF-CLAIM (COT00002),tmsis_clh_rec_othr_toc.clm_type_cd,TYPE-OF-CLAIM,COT037,X(1),Character,N
263,OT,Claims,MIS-7-001-1,MIS7.1,,AA,% missing: ADJUDICATION-DATE (COT00003),tmsis_cll_rec_othr_toc.adjdctn_dt,ADJUDICATION-DATE,COT221,9(8),Numeric,N
264,OT,Claims,MIS-7-002-2,MIS7.2,,AA,% missing: BEGINNING-DATE-OF-SERVICE (COT00003),tmsis_cll_rec_othr_toc.srvc_bgnng_dt,BEGINNING-DATE-OF-SERVICE,COT166,9(8),Numeric,N
265,OT,Claims,MIS-7-003-3,MIS7.3,,AA,% missing: BENEFIT-TYPE (COT00003),tmsis_cll_rec_othr_toc.bnft_type_cd,BENEFIT-TYPE,COT209,X(3),Character,Y
266,OT,Claims,MIS-7-004-4,MIS7.4,,AA,% missing: BILLED-AMT (COT00003),tmsis_cll_rec_othr_toc.bill_amt,BILLED-AMT,COT174,S9(11)V99,Numeric,Y
267,OT,Claims,MIS-7-005-5,MIS7.5,,AA,% missing: COPAY-AMT (COT00003),tmsis_cll_rec_othr_toc.copay_amt,COPAY-AMT,COT176,S9(11)V99,Numeric,Y
268,OT,Claims,MIS-7-006-6,MIS7.6,,AA,% missing: ENDING-DATE-OF-SERVICE (COT00003),tmsis_cll_rec_othr_toc.srvc_endg_dt,ENDING-DATE-OF-SERVICE,COT167,9(8),Numeric,Y
269,OT,Claims,MIS-7-007-7,MIS7.7,,AA,% missing: HCBS-SERVICE-CODE (COT00003),tmsis_cll_rec_othr_toc.hcpcs_srvc_cd,HCBS-SERVICE-CODE,COT187,X(1),Character,Y
270,OT,Claims,MIS-7-008-8,MIS7.8,,AA,% missing: HCBS-TAXONOMY (COT00003),tmsis_cll_rec_othr_toc.hcpcs_txnmy_cd,HCBS-TAXONOMY,COT188,X(5),Character,Y
271,OT,Claims,MIS-7-009-9,MIS7.9,,AA,% missing: HCPCS-RATE (COT00003),tmsis_cll_rec_othr_toc.hcpcs_rate,HCPCS-RATE,COT220,X(14),Character,Y
272,OT,Claims,MIS-7-010-10,MIS7.10,,AA,% missing: ICN-ADJ (COT00003),tmsis_cll_rec_othr_toc.adjstmt_clm_num,ICN-ADJ,COT159,X(50),Character,Y
273,OT,Claims,MIS-7-011-11,MIS7.11,,AA,% missing: ICN-ORIG (COT00003),tmsis_cll_rec_othr_toc.orgnl_clm_num,ICN-ORIG,COT158,X(50),Character,Y
275,OT,Claims,MIS-7-013-13,MIS7.13,,AA,% missing: LINE-NUM-ADJ (COT00003),tmsis_cll_rec_othr_toc.adjstmt_line_num,LINE-NUM-ADJ,COT161,X(3),Character,Y
276,OT,Claims,MIS-7-014-14,MIS7.14,,AA,% missing: LINE-NUM-ORIG (COT00003),tmsis_cll_rec_othr_toc.orgnl_line_num,LINE-NUM-ORIG,COT160,X(3),Character,Y
277,OT,Claims,MIS-7-015-15,MIS7.15,,AA,% missing: MEDICAID-FFS-EQUIVALENT-AMT (COT00003),tmsis_cll_rec_othr_toc.mdcd_ffs_equiv_amt,MEDICAID-FFS-EQUIVALENT-AMT,COT179,S9(11)V99,Numeric,Y
278,OT,Claims,MIS-7-016-16,MIS7.16,,AA,% missing: MEDICAID-PAID-AMT (COT00003),tmsis_cll_rec_othr_toc.mdcd_pd_amt,MEDICAID-PAID-AMT,COT178,S9(11)V99,Numeric,Y
279,OT,Claims,MIS-7-017-17,MIS7.17,,AA,% missing: MEDICARE-PAID-AMT (COT00003),tmsis_cll_rec_othr_toc.mdcr_pd_amt,MEDICARE-PAID-AMT,COT182,S9(11)V99,Numeric,Y
280,OT,Claims,MIS-7-018-18,MIS7.18,,AA,% missing: MSIS-IDENTIFICATION-NUM (COT00003),tmsis_cll_rec_othr_toc.msis_ident_num,MSIS-IDENTIFICATION-NUM,COT157,X(20),Character,Y
281,OT,Claims,MIS-7-019-19,MIS7.19,,AA,% missing: OTHER-INSURANCE-AMT (COT00003),tmsis_cll_rec_othr_toc.othr_insrnc_amt,OTHER-INSURANCE-AMT,COT213,S9(11)V99,Numeric,Y
282,OT,Claims,MIS-7-020-20,MIS7.20,,AA,% missing: OT-RX-CLAIM-QUANTITY-ACTUAL (COT00003),tmsis_cll_rec_othr_toc.othr_toc_rx_clm_actl_qty,OT-RX-CLAIM-QUANTITY-ACTUAL,COT183,S9(6)V999,Numeric,Y
283,OT,Claims,MIS-7-021-21,MIS7.21,,AA,% missing: PROCEDURE-CODE (COT00003),tmsis_cll_rec_othr_toc.prcdr_cd,PROCEDURE-CODE,COT169,X(8),Character,Y
284,OT,Claims,MIS-7-022-22,MIS7.22,,AA,% missing: PROCEDURE-CODE-FLAG (COT00003),tmsis_cll_rec_othr_toc.prcdr_cd_ind,PROCEDURE-CODE-FLAG,COT171,X(2),Character,Y
285,OT,Claims,MIS-7-023-23,MIS7.23,,AA,% missing: PROCEDURE-CODE-MOD-1 (COT00003),tmsis_cll_rec_othr_toc.prcdr_1_mdfr_cd,PROCEDURE-CODE-MOD-1,COT172,X(2),Character,Y
286,OT,Claims,MIS-7-024-24,MIS7.24,,AA,% missing: PROCEDURE-CODE-MOD-2 (COT00003),tmsis_cll_rec_othr_toc.prcdr_2_mdfr_cd,PROCEDURE-CODE-MOD-2,COT227,X(2),Character,Y
287,OT,Claims,MIS-7-025-25,MIS7.25,,AA,% missing: REVENUE-CODE (COT00003),tmsis_cll_rec_othr_toc.rev_cd,REVENUE-CODE,COT168,X(4),Character,Y
288,OT,Claims,MIS-7-026-26,MIS7.26,,AA,% missing: SERVICING-PROV-NPI-NUM (COT00003),tmsis_cll_rec_othr_toc.prscrbng_prvdr_npi_num,SERVICING-PROV-NPI-NUM,COT190,X(10),Character,Y
289,OT,Claims,MIS-7-027-27,MIS7.27,,AA,% missing: SERVICING-PROV-NUM (COT00003),tmsis_cll_rec_othr_toc.srvcng_prvdr_num,SERVICING-PROV-NUM,COT189,X(30),Character,Y
290,OT,Claims,MIS-7-028-28,MIS7.28,,AA,% missing: SERVICING-PROV-SPECIALTY (COT00003),tmsis_cll_rec_othr_toc.srvcng_prvdr_spclty_cd,SERVICING-PROV-SPECIALTY,COT193,X(2),Character,Y
291,OT,Claims,MIS-7-029-29,MIS7.29,,AA,% missing: SERVICING-PROV-TYPE (COT00003),tmsis_cll_rec_othr_toc.srvcng_prvdr_type_cd,SERVICING-PROV-TYPE,COT192,X(2),Character,Y
292,OT,Claims,MIS-7-030-30,MIS7.30,,AA,% missing: TPL-AMT (COT00003),tmsis_cll_rec_othr_toc.tpl_amt,TPL-AMT,COT177,S9(11)V99,Numeric,Y
293,OT,Claims,MIS-7-030-31,MIS7.31,,AA,% missing: TYPE-OF-SERVICE (COT00003),tmsis_cll_rec_othr_toc.stc_cd,TYPE-OF-SERVICE,COT186,X(3),Character,Y
294,RX,Claims,MIS-8-001-1,MIS8.1,,AA,% missing: ADJUDICATION-DATE (CRX00002),tmsis_clh_rec_rx.adjdctn_dt,ADJUDICATION-DATE,CRX027,9(8),Numeric,N
296,RX,Claims,MIS-8-003-3,MIS8.3,,AA,% missing: BENEFICIARY-COINSURANCE-AMOUNT (CRX00002),tmsis_clh_rec_rx.bene_coinsrnc_amt,BENEFICIARY-COINSURANCE-AMOUNT,CRX087,S9(11)V99,Numeric,Y
297,RX,Claims,MIS-8-004-4,MIS8.4,,AA,% missing: BENEFICIARY-COPAYMENT-AMOUNT (CRX00002),tmsis_clh_rec_rx.bene_copmt_amt,BENEFICIARY-COPAYMENT-AMOUNT,CRX089,S9(11)V99,Numeric,Y
298,RX,Claims,MIS-8-005-5,MIS8.5,,AA,% missing: BENEFICIARY-DEDUCTIBLE-AMOUNT (CRX00002),tmsis_clh_rec_rx.bene_ddctbl_amt,BENEFICIARY-DEDUCTIBLE-AMOUNT,CRX092,S9(11)V99,Numeric,Y
299,RX,Claims,MIS-8-006-6,MIS8.6,,AA,% missing: BILLING-PROV-NPI-NUM (CRX00002),tmsis_clh_rec_rx.blg_prvdr_npi_num,BILLING-PROV-NPI-NUM,CRX071,X(10),Character,Y
300,RX,Claims,MIS-8-007-7,MIS8.7,,AA,% missing: BILLING-PROV-NUM (CRX00002),tmsis_clh_rec_rx.blg_prvdr_num,BILLING-PROV-NUM,CRX070,X(30),Character,Y
301,RX,Claims,MIS-8-008-8,MIS8.8,,AA,% missing: CLAIM-LINE-COUNT (CRX00002),tmsis_clh_rec_rx.cll_cnt,CLAIM-LINE-COUNT,CRX060,9(4),Numeric,Y
302,RX,Claims,MIS-8-009-9,MIS8.9,,AA,% missing: COMPOUND-DRUG-IND (CRX00002),tmsis_clh_rec_rx.cmpnd_drug_ind,COMPOUND-DRUG-IND,CRX086,X(1),Character,Y
303,RX,Claims,MIS-8-010-10,MIS8.10,,AA,% missing: CROSSOVER-INDICATOR (CRX00002),tmsis_clh_rec_rx.xovr_ind,CROSSOVER-INDICATOR,CRX023,X(1),Character,Y
304,RX,Claims,MIS-8-011-11,MIS8.11,,AA,% missing: DATE-PRESCRIBED (CRX00002),tmsis_clh_rec_rx.prscrbd_dt,DATE-PRESCRIBED,CRX084,9(8),Numeric,Y
305,RX,Claims,MIS-8-012-12,MIS8.12,,AA,% missing: DISPENSING-PRESCRIPTION-DRUG-PROV-NPI (CRX00002),tmsis_clh_rec_rx.dspnsng_pd_prvdr_npi_num,DISPENSING-PRESCRIPTION-DRUG-PROV-NPI,CRX102,X(10),Character,Y
306,RX,Claims,MIS-8-013-13,MIS8.13,,AA,% missing: FIXED-PAYMENT-IND (CRX00002),tmsis_clh_rec_rx.fixd_pymt_ind,FIXED-PAYMENT-IND,CRX052,X(1),Character,Y
307,RX,Claims,MIS-8-014-14,MIS8.14,,AA,% missing: ICN-ADJ (CRX00002),tmsis_clh_rec_rx.adjstmt_clm_num,ICN-ADJ,CRX020,X(50),Character,Y
308,RX,Claims,MIS-8-015-15,MIS8.15,,AA,% missing: ICN-ORIG (CRX00002),tmsis_clh_rec_rx.orgnl_clm_num,ICN-ORIG,CRX019,X(50),Character,Y
309,RX,Claims,MIS-8-016-16,MIS8.16,,AA,% missing: MSIS-IDENTIFICATION-NUM (CRX00002),tmsis_clh_rec_rx.msis_ident_num,MSIS-IDENTIFICATION-NUM,CRX022,X(20),Character,Y
310,RX,Claims,MIS-8-017-17,MIS8.17,,AA,% missing: OTHER-INSURANCE-IND (CRX00002),tmsis_clh_rec_rx.othr_insrnc_ind,OTHER-INSURANCE-IND,CRX048,X(1),Character,Y
311,RX,Claims,MIS-8-018-18,MIS8.18,,AA,% missing: OTHER-TPL-COLLECTION (CRX00002),tmsis_clh_rec_rx.othr_tpl_clctn_cd,OTHER-TPL-COLLECTION,CRX049,X(3),Character,Y
312,RX,Claims,MIS-8-019-19,MIS8.19,,AA,% missing: PAYMENT-LEVEL-IND (CRX00002),tmsis_clh_rec_rx.pymt_lvl_ind,PAYMENT-LEVEL-IND,CRX058,X(1),Character,Y
313,RX,Claims,MIS-8-020-20,MIS8.20,,AA,% missing: PLAN-ID-NUMBER (CRX00002),tmsis_clh_rec_rx.plan_id_num,PLAN-ID-NUMBER,CRX056,X(12),Character,Y
314,RX,Claims,MIS-8-021-21,MIS8.21,,AA,% missing: PRESCRIBING-PROV-NPI-NUM (CRX00002),tmsis_clh_rec_rx.srvcng_prvdr_npi_num,PRESCRIBING-PROV-NPI-NUM,CRX075,X(10),Character,Y
315,RX,Claims,MIS-8-022-22,MIS8.22,,AA,% missing: PRESCRIBING-PROV-NUM (CRX00002),tmsis_clh_rec_rx.prscrbng_prvdr_num,PRESCRIBING-PROV-NUM,CRX074,X(30),Character,Y
316,RX,Claims,MIS-8-023-23,MIS8.23,,AA,% missing: PRESCRIPTION-FILL-DATE (CRX00002),tmsis_clh_rec_rx.rx_fill_dt,PRESCRIPTION-FILL-DATE,CRX085,9(8),Numeric,Y
317,RX,Claims,MIS-8-024-24,MIS8.24,,AA,% missing: PROGRAM-TYPE (CRX00002),tmsis_clh_rec_rx.pgm_type_cd,PROGRAM-TYPE,CRX055,X(2),Character,Y
318,RX,Claims,MIS-8-025-25,MIS8.25,,AA,% missing: TOT-ALLOWED-AMT (CRX00002),tmsis_clh_rec_rx.tot_alowd_amt,TOT-ALLOWED-AMT,CRX040,S9(11)V99,Numeric,Y
319,RX,Claims,MIS-8-026-26,MIS8.26,,AA,% missing: TOT-BILLED-AMT (CRX00002),tmsis_clh_rec_rx.tot_bill_amt,TOT-BILLED-AMT,CRX039,S9(11)V99,Numeric,Y
320,RX,Claims,MIS-8-027-27,MIS8.27,,AA,% missing: TOT-COPAY-AMT (CRX00002),tmsis_clh_rec_rx.tot_copay_amt,TOT-COPAY-AMT,CRX042,S9(11)V99,Numeric,Y
321,RX,Claims,MIS-8-028-28,MIS8.28,,AA,% missing: TOT-MEDICAID-PAID-AMT (CRX00002),tmsis_clh_rec_rx.tot_mdcd_pd_amt,TOT-MEDICAID-PAID-AMT,CRX041,S9(11)V99,Numeric,Y
322,RX,Claims,MIS-8-029-29,MIS8.29,,AA,% missing: TOT-MEDICARE-COINS-AMT (CRX00002),tmsis_clh_rec_rx.tot_mdcr_coinsrnc_amt,TOT-MEDICARE-COINS-AMT,CRX044,S9(11)V99,Numeric,Y
323,RX,Claims,MIS-8-030-30,MIS8.30,,AA,% missing: TOT-MEDICARE-DEDUCTIBLE-AMT (CRX00002),tmsis_clh_rec_rx.tot_mdcr_ddctbl_amt,TOT-MEDICARE-DEDUCTIBLE-AMT,CRX043,S9(11)V99,Numeric,Y
324,RX,Claims,MIS-8-031-31,MIS8.31,,AA,% missing: TOT-OTHER-INSURANCE-AMT (CRX00002),tmsis_clh_rec_rx.tot_othr_insrnc_amt,TOT-OTHER-INSURANCE-AMT,CRX047,S9(11)V99,Numeric,Y
325,RX,Claims,MIS-8-032-32,MIS8.32,,AA,% missing: TOT-TPL-AMT (CRX00002),tmsis_clh_rec_rx.tot_tpl_amt,TOT-TPL-AMT,CRX045,S9(11)V99,Numeric,Y
326,RX,Claims,MIS-8-033-33,MIS8.33,,AA,% missing: TYPE-OF-CLAIM (CRX00002),tmsis_clh_rec_rx.clm_type_cd,TYPE-OF-CLAIM,CRX029,X(1),Character,N
327,RX,Claims,MIS-9-001-1,MIS9.1,,AA,% missing: ADJUDICATION-DATE (CRX00003),tmsis_cll_rec_rx.adjdctn_dt,ADJUDICATION-DATE,CRX157,9(8),Numeric,N
328,RX,Claims,MIS-9-002-2,MIS9.2,,AA,% missing: ALLOWED-AMT (CRX00003),tmsis_cll_rec_rx.alowd_amt,ALLOWED-AMT,CRX122,S9(11)V99,Numeric,Y
329,RX,Claims,MIS-9-003-3,MIS9.3,,AA,% missing: BILLED-AMT (CRX00003),tmsis_cll_rec_rx.bill_amt,BILLED-AMT,CRX121,S9(11)V99,Numeric,Y
330,RX,Claims,MIS-9-004-4,MIS9.4,,AA,% missing: BRAND-GENERIC-IND (CRX00003),tmsis_cll_rec_rx.brnd_gnrc_ind,BRAND-GENERIC-IND,CRX140,X(1),Character,Y
331,RX,Claims,MIS-9-005-5,MIS9.5,,AA,% missing: COPAY-AMT (CRX00003),tmsis_cll_rec_rx.copay_amt,COPAY-AMT,CRX123,S9(5)V99,Numeric,Y
332,RX,Claims,MIS-9-006-6,MIS9.6,,AA,% missing: DAYS-SUPPLY (CRX00003),tmsis_cll_rec_rx.suply_days_cnt,DAYS-SUPPLY,CRX138,S9(5),Numeric,Y
333,RX,Claims,MIS-9-007-7,MIS9.7,,AA,% missing: DISPENSE-FEE (CRX00003),tmsis_cll_rec_rx.dspns_fee_amt,DISPENSE-FEE,CRX141,S9(6)V99,Numeric,Y
334,RX,Claims,MIS-9-008-8,MIS9.8,,AA,% missing: ICN-ADJ (CRX00003),tmsis_cll_rec_rx.adjstmt_clm_num,ICN-ADJ,CRX113,X(50),Character,Y
335,RX,Claims,MIS-9-009-9,MIS9.9,,AA,% missing: ICN-ORIG (CRX00003),tmsis_cll_rec_rx.orgnl_clm_num,ICN-ORIG,CRX112,X(50),Character,Y
337,RX,Claims,MIS-9-011-11,MIS9.11,,AA,% missing: LINE-NUM-ADJ (CRX00003),tmsis_cll_rec_rx.adjstmt_line_num,LINE-NUM-ADJ,CRX115,X(3),Character,Y
338,RX,Claims,MIS-9-012-12,MIS9.12,,AA,% missing: LINE-NUM-ORIG (CRX00003),tmsis_cll_rec_rx.orgnl_line_num,LINE-NUM-ORIG,CRX114,X(3),Character,Y
339,RX,Claims,MIS-9-013-13,MIS9.13,,AA,% missing: MEDICAID-FFS-EQUIVALENT-AMT (CRX00003),tmsis_cll_rec_rx.mdcd_ffs_equiv_amt,MEDICAID-FFS-EQUIVALENT-AMT,CRX126,S9(11)V99,Numeric,Y
340,RX,Claims,MIS-9-014-14,MIS9.14,,AA,% missing: MEDICAID-PAID-AMT (CRX00003),tmsis_cll_rec_rx.mdcd_pd_amt,MEDICAID-PAID-AMT,CRX125,S9(11)V99,Numeric,Y
341,RX,Claims,MIS-9-015-15,MIS9.15,,AA,% missing: MEDICARE-PAID-AMT (CRX00003),tmsis_cll_rec_rx.mdcr_pd_amt,MEDICARE-PAID-AMT,CRX129,S9(11)V99,Numeric,Y
342,RX,Claims,MIS-9-016-16,MIS9.16,,AA,% missing: NATIONAL-DRUG-CODE (CRX00003),tmsis_cll_rec_rx.ndc_cd,NATIONAL-DRUG-CODE,CRX120,X(12),Character,Y
343,RX,Claims,MIS-9-017-17,MIS9.17,,AA,% missing: NEW-REFILL-IND (CRX00003),tmsis_cll_rec_rx.new_refl_ind,NEW-REFILL-IND,CRX139,X(2),Character,Y
344,RX,Claims,MIS-9-018-18,MIS9.18,,AA,% missing: OTHER-INSURANCE-AMT (CRX00003),tmsis_cll_rec_rx.othr_insrnc_amt,OTHER-INSURANCE-AMT,CRX152,S9(11)V99,Numeric,Y
345,RX,Claims,MIS-9-019-19,MIS9.19,,AA,% missing: OT-RX-CLAIM-QUANTITY-ACTUAL (CRX00003),tmsis_cll_rec_rx.othr_toc_rx_clm_actl_qty,OT-RX-CLAIM-QUANTITY-ACTUAL,CRX132,S9(6)V999,Numeric,Y
346,RX,Claims,MIS-9-020-20,MIS9.20,,AA,% missing: REBATE-ELIGIBLE-INDICATOR (CRX00003),tmsis_cll_rec_rx.rebt_elgbl_ind,REBATE-ELIGIBLE-INDICATOR,CRX146,X(1),Character,Y
347,RX,Claims,MIS-9-021-21,MIS9.21,,AA,% missing: TPL-AMT (CRX00003),tmsis_cll_rec_rx.tpl_amt,TPL-AMT,CRX124,S9(11)V99,Numeric,Y
348,RX,Claims,MIS-9-022-22,MIS9.22,,AA,% missing: TYPE-OF-SERVICE (CRX00003),tmsis_cll_rec_rx.stc_cd,TYPE-OF-SERVICE,CRX134,X(3),Character,Y
349,MCR,Non-claims,MIS-10-001-1,MIS10.1,MCR00002,,% distinct STATE-PLAN-ID-NUMs with only missing values in any active segment: MANAGED-CARE-MAIN-REC-EFF-DATE (MCR00002),tmsis_mc_mn_data.mc_mn_rec_efctv_dt,MANAGED-CARE-MAIN-REC-EFF-DATE,MCR030,9(8),Numeric,Y
350,MCR,Non-claims,MIS-10-002-2,MIS10.2,MCR00002,,% distinct STATE-PLAN-ID-NUMs with only missing values in any active segment: MANAGED-CARE-PLAN-TYPE (MCR00002),tmsis_mc_mn_data.mc_plan_type_cd,MANAGED-CARE-PLAN-TYPE,MCR024,X(2),Character,Y
351,MCR,Non-claims,MIS-10-003-3,MIS10.3,MCR00002,,% distinct STATE-PLAN-ID-NUMs with only missing values in any active segment: MANAGED-CARE-PROGRAM (MCR00002),tmsis_mc_mn_data.mc_pgm_cd,MANAGED-CARE-PROGRAM,MCR023,X(1),Character,Y
352,MCR,Non-claims,MIS-10-004-4,MIS10.4,MCR00002,,% distinct STATE-PLAN-ID-NUMs with only missing values in any active segment: REIMBURSEMENT-ARRANGEMENT (MCR00002),tmsis_mc_mn_data.reimbrsmt_arngmt_cd,REIMBURSEMENT-ARRANGEMENT,MCR025,X(2),Character,Y
354,MCR,Non-claims,MIS-10-006-6,MIS10.6,MCR00003,,% distinct STATE-PLAN-ID-NUMs with only missing values in any active segment: MANAGED-CARE-ADDR-TYPE (MCR00003),tmsis_mc_lctn_cntct.mc_adr_type_cd,MANAGED-CARE-ADDR-TYPE,MCR041,X(1),Character,Y
355,MCR,Non-claims,MIS-10-007-7,MIS10.7,MCR00003,,% distinct STATE-PLAN-ID-NUMs with only missing values in any active segment: MANAGED-CARE-LOCATION-AND-CONTACT-INFO-EFF-DATE (MCR00003),tmsis_mc_lctn_cntct.mc_lctn_cntct_efctv_dt,MANAGED-CARE-LOCATION-AND-CONTACT-INFO-EFF-DATE,MCR039,9(8),Numeric,Y
356,MCR,Non-claims,MIS-10-008-8,MIS10.8,MCR00003,,% distinct STATE-PLAN-ID-NUMs with only missing values in any active segment: MANAGED-CARE-LOCATION-ID (MCR00003),tmsis_mc_lctn_cntct.mc_lctn_id,MANAGED-CARE-LOCATION-ID,MCR038,X(15),Character,Y
359,MCR,Non-claims,MIS-10-011-11,MIS10.11,MCR00004,,% distinct STATE-PLAN-ID-NUMs with only missing values in any active segment: MANAGED-CARE-SERVICE-AREA-EFF-DATE (MCR00004),tmsis_mc_sarea.mc_sarea_efctv_dt,MANAGED-CARE-SERVICE-AREA-EFF-DATE,MCR059,9(8),Numeric,Y
360,MCR,Non-claims,MIS-10-012-12,MIS10.12,MCR00004,,% distinct STATE-PLAN-ID-NUMs with only missing values in any active segment: MANAGED-CARE-SERVICE-AREA-NAME (MCR00004),tmsis_mc_sarea.mc_sarea_name,MANAGED-CARE-SERVICE-AREA-NAME,MCR058,X(30),Character,Y
362,MCR,Non-claims,MIS-10-014-14,MIS10.14,MCR00005,,% distinct STATE-PLAN-ID-NUMs with only missing values in any active segment: MANAGED-CARE-OP-AUTHORITY-EFF-DATE (MCR00005),tmsis_mc_oprtg_authrty.mc_op_authrty_efctv_dt,MANAGED-CARE-OP-AUTHORITY-EFF-DATE,MCR069,9(8),Numeric,Y
363,MCR,Non-claims,MIS-10-015-15,MIS10.15,MCR00005,,% distinct STATE-PLAN-ID-NUMs with only missing values in any active segment: OPERATING-AUTHORITY (MCR00005),tmsis_mc_oprtg_authrty.oprtg_authrty_cd,OPERATING-AUTHORITY,MCR067,X(2),Character,Y
365,MCR,Non-claims,MIS-10-017-17,MIS10.17,MCR00005,,% distinct STATE-PLAN-ID-NUMs with only missing values in any active segment: WAIVER-ID (MCR00005),tmsis_mc_oprtg_authrty.wvr_id,WAIVER-ID,MCR068,X(20),Character,Y
366,MCR,Non-claims,MIS-10-018-18,MIS10.18,MCR00006,,% distinct STATE-PLAN-ID-NUMs with only missing values in any active segment: MANAGED-CARE-PLAN-POP (MCR00006),tmsis_mc_plan_pop_enrld.mc_plan_pop_cnt,MANAGED-CARE-PLAN-POP,MCR077,9(2),Numeric,Y
367,MCR,Non-claims,MIS-10-019-19,MIS10.19,MCR00006,,% distinct STATE-PLAN-ID-NUMs with only missing values in any active segment: MANAGED-CARE-PLAN-POP-EFF-DATE (MCR00006),tmsis_mc_plan_pop_enrld.mc_plan_pop_efctv_dt,MANAGED-CARE-PLAN-POP-EFF-DATE,MCR078,9(8),Numeric,Y
369,MCR,Non-claims,MIS-10-021-21,MIS10.21,MCR00007,,% distinct STATE-PLAN-ID-NUMs with only missing values in any active segment: ACCREDITATION-ORGANIZATION (MCR00007),tmsis_mc_acrdtn_org.acrdtn_org_cd,ACCREDITATION-ORGANIZATION,MCR086,X(2),Character,Y
370,MCR,Non-claims,MIS-10-022-22,MIS10.22,MCR00007,,% distinct STATE-PLAN-ID-NUMs with only missing values in any active segment: DATE-ACCREDITATION-ACHIEVED (MCR00007),tmsis_mc_acrdtn_org.acrdtn_achvmt_dt,DATE-ACCREDITATION-ACHIEVED,MCR087,9(8),Numeric,Y
373,PRV,Non-claims,MIS-11-001-1,MIS11.1,PRV00002,,% distinct SUBMITTING-STATE-PROV-IDs with only missing values in any active segment: DATE-OF-BIRTH (PRV00002),tmsis_prvdr_attr_mn.birth_dt,DATE-OF-BIRTH,PRV034,9(8),Numeric,Y
374,PRV,Non-claims,MIS-11-002-2,MIS11.2,PRV00002,,% distinct SUBMITTING-STATE-PROV-IDs with only missing values in any active segment: DATE-OF-DEATH (PRV00002),tmsis_prvdr_attr_mn.death_dt,DATE-OF-DEATH,PRV035,9(8),Numeric,Y
375,PRV,Non-claims,MIS-11-003-3,MIS11.3,PRV00002,,% distinct SUBMITTING-STATE-PROV-IDs with only missing values in any active segment: FACILITY-GROUP-INDIVIDUAL-CODE (PRV00002),tmsis_prvdr_attr_mn.fac_grp_indvdl_cd,FACILITY-GROUP-INDIVIDUAL-CODE,PRV026,X(2),Character,Y
376,PRV,Non-claims,MIS-11-004-4,MIS11.4,PRV00002,,% distinct SUBMITTING-STATE-PROV-IDs with only missing values in any active segment: PROV-ATTRIBUTES-EFF-DATE (PRV00002),tmsis_prvdr_attr_mn.prvdr_attr_efctv_dt,PROV-ATTRIBUTES-EFF-DATE,PRV020,9(8),Numeric,Y
377,PRV,Non-claims,MIS-11-005-5,MIS11.5,PRV00002,,% distinct SUBMITTING-STATE-PROV-IDs with only missing values in any active segment: PROV-ATTRIBUTES-END-DATE (PRV00002),tmsis_prvdr_attr_mn.prvdr_attr_end_dt,PROV-ATTRIBUTES-END-DATE,PRV021,9(8),Numeric,Y
378,PRV,Non-claims,MIS-11-006-6,MIS11.6,PRV00002,,% distinct SUBMITTING-STATE-PROV-IDs with only missing values in any active segment: PROV-DOING-BUSINESS-AS-NAME (PRV00002),tmsis_prvdr_attr_mn.prvdr_dba_name,PROV-DOING-BUSINESS-AS-NAME,PRV022,X(100),Character,Y
379,PRV,Non-claims,MIS-11-007-7,MIS11.7,PRV00002,,% distinct SUBMITTING-STATE-PROV-IDs with only missing values in any active segment: PROV-FIRST-NAME (PRV00002),tmsis_prvdr_attr_mn.prvdr_1st_name,PROV-FIRST-NAME,PRV028,X(30),Character,Y
380,PRV,Non-claims,MIS-11-008-8,MIS11.8,PRV00002,,% distinct SUBMITTING-STATE-PROV-IDs with only missing values in any active segment: PROV-LAST-NAME (PRV00002),tmsis_prvdr_attr_mn.prvdr_last_name,PROV-LAST-NAME,PRV030,X(30),Character,Y
381,PRV,Non-claims,MIS-11-009-9,MIS11.9,PRV00002,,% distinct SUBMITTING-STATE-PROV-IDs with only missing values in any active segment: PROV-LEGAL-NAME (PRV00002),tmsis_prvdr_attr_mn.prvdr_lgl_name,PROV-LEGAL-NAME,PRV023,X(100),Character,Y
382,PRV,Non-claims,MIS-11-010-10,MIS11.10,PRV00002,,% distinct SUBMITTING-STATE-PROV-IDs with only missing values in any active segment: PROV-ORGANIZATION-NAME (PRV00002),tmsis_prvdr_attr_mn.prvdr_org_name,PROV-ORGANIZATION-NAME,PRV024,X(60),Character,Y
384,PRV,Non-claims,MIS-11-012-12,MIS11.12,PRV00003,,% distinct SUBMITTING-STATE-PROV-IDs with only missing values in any active segment: ADDR-CITY (PRV00003),tmsis_prvdr_lctn_cntct.adr_city_name,ADDR-CITY,PRV050,X(28),Character,Y
385,PRV,Non-claims,MIS-11-013-13,MIS11.13,PRV00003,,% distinct SUBMITTING-STATE-PROV-IDs with only missing values in any active segment: ADDR-COUNTY (PRV00003),tmsis_prvdr_lctn_cntct.adr_cnty_cd,ADDR-COUNTY,PRV057,X(3),Character,Y
386,PRV,Non-claims,MIS-11-014-14,MIS11.14,PRV00003,,% distinct SUBMITTING-STATE-PROV-IDs with only missing values in any active segment: ADDR-EMAIL (PRV00003),tmsis_prvdr_lctn_cntct.email_adr,ADDR-EMAIL,PRV054,X(60),Character,Y
387,PRV,Non-claims,MIS-11-015-15,MIS11.15,PRV00003,,% distinct SUBMITTING-STATE-PROV-IDs with only missing values in any active segment: ADDR-LN1 (PRV00003),tmsis_prvdr_lctn_cntct.adr_line_1_txt,ADDR-LN1,PRV047,X(60),Character,Y
388,PRV,Non-claims,MIS-11-016-16,MIS11.16,PRV00003,,% distinct SUBMITTING-STATE-PROV-IDs with only missing values in any active segment: ADDR-STATE (PRV00003),tmsis_prvdr_lctn_cntct.adr_state_cd,ADDR-STATE,PRV051,X(2),Character,Y
389,PRV,Non-claims,MIS-11-017-17,MIS11.17,PRV00003,,% distinct SUBMITTING-STATE-PROV-IDs with only missing values in any active segment: ADDR-TYPE (PRV00003),tmsis_prvdr_lctn_cntct.prvdr_adr_type_cd,ADDR-TYPE,PRV046,X(1),Character,Y
390,PRV,Non-claims,MIS-11-018-18,MIS11.18,PRV00003,,% distinct SUBMITTING-STATE-PROV-IDs with only missing values in any active segment: ADDR-ZIP-CODE (PRV00003),tmsis_prvdr_lctn_cntct.adr_zip_cd,ADDR-ZIP-CODE,PRV052,X(9),Character,Y
391,PRV,Non-claims,MIS-11-019-19,MIS11.19,PRV00003,,% distinct SUBMITTING-STATE-PROV-IDs with only missing values in any active segment: PROV-LOCATION-AND-CONTACT-INFO-EFF-DATE (PRV00003),tmsis_prvdr_lctn_cntct.prvdr_lctn_cntct_efctv_dt,PROV-LOCATION-AND-CONTACT-INFO-EFF-DATE,PRV044,9(8),Numeric,Y
392,PRV,Non-claims,MIS-11-020-20,MIS11.20,PRV00003,,% distinct SUBMITTING-STATE-PROV-IDs with only missing values in any active segment: PROV-LOCATION-AND-CONTACT-INFO-END-DATE (PRV00003),tmsis_prvdr_lctn_cntct.prvdr_lctn_cntct_end_dt,PROV-LOCATION-AND-CONTACT-INFO-END-DATE,PRV045,9(8),Numeric,Y
393,PRV,Non-claims,MIS-11-021-21,MIS11.21,PRV00003,,% distinct SUBMITTING-STATE-PROV-IDs with only missing values in any active segment: PROV-LOCATION-ID (PRV00003),tmsis_prvdr_lctn_cntct.prvdr_lctn_id,PROV-LOCATION-ID,PRV043,X(5),Character,Y
396,PRV,Non-claims,MIS-11-024-24,MIS11.24,PRV00004,,% distinct SUBMITTING-STATE-PROV-IDs with only missing values in any active segment: LICENSE-ISSUING-ENTITY-ID (PRV00004),tmsis_prvdr_lcnsg.lcns_issg_ent_id_txt,LICENSE-ISSUING-ENTITY-ID,PRV068,X(60),Character,Y
397,PRV,Non-claims,MIS-11-025-25,MIS11.25,PRV00004,,% distinct SUBMITTING-STATE-PROV-IDs with only missing values in any active segment: LICENSE-OR-ACCREDITATION-NUMBER (PRV00004),tmsis_prvdr_lcnsg.lcns_or_acrdtn_num,LICENSE-OR-ACCREDITATION-NUMBER,PRV069,X(20),Character,Y
398,PRV,Non-claims,MIS-11-026-26,MIS11.26,PRV00004,,% distinct SUBMITTING-STATE-PROV-IDs with only missing values in any active segment: LICENSE-TYPE (PRV00004),tmsis_prvdr_lcnsg.lcns_type_cd,LICENSE-TYPE,PRV067,X(1),Character,Y
399,PRV,Non-claims,MIS-11-027-27,MIS11.27,PRV00004,,% distinct SUBMITTING-STATE-PROV-IDs with only missing values in any active segment: PROV-LICENSE-EFF-DATE (PRV00004),tmsis_prvdr_lcnsg.prvdr_lcns_efctv_dt,PROV-LICENSE-EFF-DATE,PRV065,9(8),Numeric,Y
400,PRV,Non-claims,MIS-11-028-28,MIS11.28,PRV00004,,% distinct SUBMITTING-STATE-PROV-IDs with only missing values in any active segment: PROV-LICENSE-END-DATE (PRV00004),tmsis_prvdr_lcnsg.prvdr_lcns_end_dt,PROV-LICENSE-END-DATE,PRV066,9(8),Numeric,Y
401,PRV,Non-claims,MIS-11-029-29,MIS11.29,PRV00004,,% distinct SUBMITTING-STATE-PROV-IDs with only missing values in any active segment: PROV-LOCATION-ID (PRV00004),tmsis_prvdr_lcnsg.prvdr_lctn_id,PROV-LOCATION-ID,PRV064,X(5),Character,Y
403,PRV,Non-claims,MIS-11-031-31,MIS11.31,PRV00005,,% distinct SUBMITTING-STATE-PROV-IDs with only missing values in any active segment: PROV-IDENTIFIER (PRV00005),tmsis_prvdr_id.prvdr_id,PROV-IDENTIFIER,PRV081,X(12),Character,Y
404,PRV,Non-claims,MIS-11-032-32,MIS11.32,PRV00005,,% distinct SUBMITTING-STATE-PROV-IDs with only missing values in any active segment: PROV-IDENTIFIER-EFF-DATE (PRV00005),tmsis_prvdr_id.prvdr_id_efctv_dt,PROV-IDENTIFIER-EFF-DATE,PRV079,9(8),Numeric,Y
405,PRV,Non-claims,MIS-11-033-33,MIS11.33,PRV00005,,% distinct SUBMITTING-STATE-PROV-IDs with only missing values in any active segment: PROV-IDENTIFIER-END-DATE (PRV00005),tmsis_prvdr_id.prvdr_id_end_dt,PROV-IDENTIFIER-END-DATE,PRV080,9(8),Numeric,Y
406,PRV,Non-claims,MIS-11-034-34,MIS11.34,PRV00005,,% distinct SUBMITTING-STATE-PROV-IDs with only missing values in any active segment: PROV-IDENTIFIER-ISSUING-ENTITY-ID (PRV00005),tmsis_prvdr_id.prvdr_id_issg_ent_id_txt,PROV-IDENTIFIER-ISSUING-ENTITY-ID,PRV078,X(18),Character,Y
407,PRV,Non-claims,MIS-11-035-35,MIS11.35,PRV00005,,% distinct SUBMITTING-STATE-PROV-IDs with only missing values in any active segment: PROV-IDENTIFIER-TYPE (PRV00005),tmsis_prvdr_id.prvdr_id_type_cd,PROV-IDENTIFIER-TYPE,PRV077,X(1),Character,Y
408,PRV,Non-claims,MIS-11-036-36,MIS11.36,PRV00005,,% distinct SUBMITTING-STATE-PROV-IDs with only missing values in any active segment: PROV-LOCATION-ID (PRV00005),tmsis_prvdr_id.prvdr_lctn_id,PROV-LOCATION-ID,PRV076,X(5),Character,Y
410,PRV,Non-claims,MIS-11-038-38,MIS11.38,PRV00006,,% distinct SUBMITTING-STATE-PROV-IDs with only missing values in any active segment: PROV-CLASSIFICATION-CODE (PRV00006),tmsis_prvdr_txnmy_clsfctn.prvdr_clsfctn_cd,PROV-CLASSIFICATION-CODE,PRV089,X(20),Character,Y
411,PRV,Non-claims,MIS-11-039-39,MIS11.39,PRV00006,,% distinct SUBMITTING-STATE-PROV-IDs with only missing values in any active segment: PROV-CLASSIFICATION-TYPE (PRV00006),tmsis_prvdr_txnmy_clsfctn.prvdr_clsfctn_type_cd,PROV-CLASSIFICATION-TYPE,PRV088,X(1),Character,Y
412,PRV,Non-claims,MIS-11-040-40,MIS11.40,PRV00006,,% distinct SUBMITTING-STATE-PROV-IDs with only missing values in any active segment: PROV-TAXONOMY-CLASSIFICATION-EFF-DATE (PRV00006),tmsis_prvdr_txnmy_clsfctn.prvdr_txnmy_clsfctn_efctv_dt,PROV-TAXONOMY-CLASSIFICATION-EFF-DATE,PRV090,9(8),Numeric,Y
413,PRV,Non-claims,MIS-11-041-41,MIS11.41,PRV00006,,% distinct SUBMITTING-STATE-PROV-IDs with only missing values in any active segment: PROV-TAXONOMY-CLASSIFICATION-END-DATE (PRV00006),tmsis_prvdr_txnmy_clsfctn.prvdr_txnmy_clsfctn_end_dt,PROV-TAXONOMY-CLASSIFICATION-END-DATE,PRV091,9(8),Numeric,Y
415,PRV,Non-claims,MIS-11-043-43,MIS11.43,PRV00007,,% distinct SUBMITTING-STATE-PROV-IDs with only missing values in any active segment: PROV-MEDICAID-EFF-DATE (PRV00007),tmsis_prvdr_mdcd_enrlmt.prvdr_mdcd_efctv_dt,PROV-MEDICAID-EFF-DATE,PRV098,9(8),Numeric,Y
416,PRV,Non-claims,MIS-11-044-44,MIS11.44,PRV00007,,% distinct SUBMITTING-STATE-PROV-IDs with only missing values in any active segment: PROV-MEDICAID-END-DATE (PRV00007),tmsis_prvdr_mdcd_enrlmt.prvdr_mdcd_end_dt,PROV-MEDICAID-END-DATE,PRV099,9(8),Numeric,Y
417,PRV,Non-claims,MIS-11-045-45,MIS11.45,PRV00007,,% distinct SUBMITTING-STATE-PROV-IDs with only missing values in any active segment: PROV-MEDICAID-ENROLLMENT-STATUS-CODE (PRV00007),tmsis_prvdr_mdcd_enrlmt.prvdr_mdcd_enrlmt_stus_cd,PROV-MEDICAID-ENROLLMENT-STATUS-CODE,PRV100,X(2),Character,Y
418,PRV,Non-claims,MIS-11-046-46,MIS11.46,PRV00007,,% distinct SUBMITTING-STATE-PROV-IDs with only missing values in any active segment: STATE-PLAN-ENROLLMENT (PRV00007),tmsis_prvdr_mdcd_enrlmt.state_plan_enrlmt_cd,STATE-PLAN-ENROLLMENT,PRV101,X(1),Character,Y
420,PRV,Non-claims,MIS-11-048-48,MIS11.48,PRV00008,,% distinct SUBMITTING-STATE-PROV-IDs with only missing values in any active segment: PROV-AFFILIATED-GROUP-EFF-DATE (PRV00008),tmsis_prvdr_afltd_grp.prvdr_afltd_grp_efctv_dt,PROV-AFFILIATED-GROUP-EFF-DATE,PRV111,9(8),Numeric,Y
422,PRV,Non-claims,MIS-11-050-50,MIS11.50,PRV00008,,% distinct SUBMITTING-STATE-PROV-IDs with only missing values in any active segment: SUBMITTING-STATE-PROV-ID-OF-AFFILIATED-ENTITY (PRV00008),tmsis_prvdr_afltd_grp.submtg_state_afltd_prvdr_id,SUBMITTING-STATE-PROV-ID-OF-AFFILIATED-ENTITY,PRV110,X(12),Character,Y
423,PRV,Non-claims,MIS-11-051-51,MIS11.51,PRV00009,,% distinct SUBMITTING-STATE-PROV-IDs with only missing values in any active segment: AFFILIATED-PROGRAM-ID (PRV00009),tmsis_prvdr_afltd_pgm.afltd_pgm_id,AFFILIATED-PROGRAM-ID,PRV120,X(50),Character,Y
424,PRV,Non-claims,MIS-11-052-52,MIS11.52,PRV00009,,% distinct SUBMITTING-STATE-PROV-IDs with only missing values in any active segment: AFFILIATED-PROGRAM-TYPE (PRV00009),tmsis_prvdr_afltd_pgm.afltd_pgm_type_cd,AFFILIATED-PROGRAM-TYPE,PRV119,X(1),Character,Y
425,PRV,Non-claims,MIS-11-053-53,MIS11.53,PRV00009,,% distinct SUBMITTING-STATE-PROV-IDs with only missing values in any active segment: PROV-AFFILIATED-PROGRAM-EFF-DATE (PRV00009),tmsis_prvdr_afltd_pgm.prvdr_afltd_pgm_efctv_dt,PROV-AFFILIATED-PROGRAM-EFF-DATE,PRV121,9(8),Numeric,Y
427,PRV,Non-claims,MIS-11-055-55,MIS11.55,PRV00010,,% distinct SUBMITTING-STATE-PROV-IDs with only missing values in any active segment: BED-TYPE-CODE (PRV00010),tmsis_prvdr_bed_type.bed_type_cd,BED-TYPE-CODE,PRV134,X(1),Character,Y
428,PRV,Non-claims,MIS-11-056-56,MIS11.56,PRV00010,,% distinct SUBMITTING-STATE-PROV-IDs with only missing values in any active segment: BED-TYPE-EFF-DATE (PRV00010),tmsis_prvdr_bed_type.bed_type_efctv_dt,BED-TYPE-EFF-DATE,PRV130,9(8),Numeric,Y
429,PRV,Non-claims,MIS-11-057-57,MIS11.57,PRV00010,,% distinct SUBMITTING-STATE-PROV-IDs with only missing values in any active segment: PROV-LOCATION-ID (PRV00010),tmsis_prvdr_bed_type.prvdr_lctn_id,PROV-LOCATION-ID,PRV129,X(5),Character,Y
433,TPL,Non-claims,MIS-12-002-2,MIS12.2,TPL00002,,% distinct MSIS IDs with only missing values in any active segment: TPL-HEALTH-INSURANCE-COVERAGE-IND (TPL00002),tmsis_tpl_mdcd_prsn_mn.tpl_insrnc_cvrg_ind,TPL-HEALTH-INSURANCE-COVERAGE-IND,TPL020,X(1),Character,Y
434,TPL,Non-claims,MIS-12-003-3,MIS12.3,TPL00002,,% distinct MSIS IDs with only missing values in any active segment: TPL-OTHER-COVERAGE-IND (TPL00002),tmsis_tpl_mdcd_prsn_mn.tpl_othr_cvrg_ind,TPL-OTHER-COVERAGE-IND,TPL021,X(1),Character,Y
435,IP,Claims,MIS-2-39_1-57,MIS2.57,,AA,% missing: PAYMENT-LEVEL-IND (CIP00002),tmsis_clh_rec_ip.pymt_lvl_ind,PAYMENT-LEVEL-IND,CIP132,X(1),Character,Y
436,LT,Claims,MIS-4-032_1-44,MIS4.44,,AA,% missing: PAYMENT-LEVEL-IND (CLT00002),tmsis_clh_rec_lt.pymt_lvl_ind,PAYMENT-LEVEL-IND,CLT082,X(1),Character,Y
437,OT,Claims,MIS-6-024_1-35,MIS6.35,,AA,% missing: PAYMENT-LEVEL-IND (COT00002),tmsis_clh_rec_othr_toc.pymt_lvl_ind,PAYMENT-LEVEL-IND,COT068,X(1),Character,Y
438,OT,Claims,MIS-6-027_1-36,MIS6.36,,AA,% missing: TOT-BILLED-AMT (COT00002),tmsis_clh_rec_othr_toc.tot_bill_amt,TOT-BILLED-AMT,COT048,S9(11)V99,Numeric,Y
439,IP,Claims,MIS-13-001-1,MIS13.1,,W,% missing: TYPE-OF-CLAIM (CIP00002),tmsis_clh_rec_ip.clm_type_cd,TYPE-OF-CLAIM,CIP100,X(1),Character,Y
440,LT,Claims,MIS-15-001-1,MIS15.1,,W,% missing: TYPE-OF-CLAIM (CLT00002),tmsis_clh_rec_lt.clm_type_cd,TYPE-OF-CLAIM,CLT052,X(1),Character,Y
441,OT,Claims,MIS-17-001-1,MIS17.1,,W,% missing: TYPE-OF-CLAIM (COT00002),tmsis_clh_rec_othr_toc.clm_type_cd,TYPE-OF-CLAIM,COT037,X(1),Character,Y
442,RX,Claims,MIS-19-001-1,MIS19.1,,W,% missing: TYPE-OF-CLAIM (CRX00002),tmsis_clh_rec_rx.clm_type_cd,TYPE-OF-CLAIM,CRX029,X(1),Character,Y
443,IP,Claims,MIS-22-001-1,MIS22.1,,AH,% missing: CMS-64-CATEGORY-FOR-FEDERAL-REIMBURSEMENT (CIP00003),tmsis_cll_rec_ip.cms_64_fed_reimbrsmt_ctgry_cd,CMS-64-CATEGORY-FOR-FEDERAL-REIMBURSEMENT ,CIP269,X(2),Character,Y
444,LT,Claims,MIS-24-001-1,MIS24.1,,AH,% missing: CMS-64-CATEGORY-FOR-FEDERAL-REIMBURSEMENT (CLT00003),tmsis_cll_rec_lt.cms_64_fed_reimbrsmt_ctgry_cd,CMS-64-CATEGORY-FOR-FEDERAL-REIMBURSEMENT ,CLT219,X(2),Character,Y
445,OT,Claims,MIS-26-001-1,MIS26.1,,AH,% missing: CMS-64-CATEGORY-FOR-FEDERAL-REIMBURSEMENT (COT00003),tmsis_cll_rec_othr_toc.cms_64_fed_reimbrsmt_ctgry_cd,CMS-64-CATEGORY-FOR-FEDERAL-REIMBURSEMENT ,COT210,X(2),Character,Y
446,RX,Claims,MIS-28-001-1,MIS28.1,,AH,% missing: CMS-64-CATEGORY-FOR-FEDERAL-REIMBURSEMENT (CRX00003),tmsis_cll_rec_rx.cms_64_fed_reimbrsmt_ctgry_cd,CMS-64-CATEGORY-FOR-FEDERAL-REIMBURSEMENT ,CRX149,X(2),Character,Y
447,OT,Claims,MIS-29-001-1,MIS29.1,,AG,% missing: BEGINNING-DATE-OF-SERVICE (COT00002),tmsis_clh_rec_othr_toc.srvc_bgnng_dt,BEGINNING-DATE-OF-SERVICE,COT033,9(8),Numeric,Y
448,OT,Claims,MIS-29-002-2,MIS29.2,,AG,% missing: ENDING-DATE-OF-SERVICE (COT00002),tmsis_clh_rec_othr_toc.srvc_endg_dt,ENDING-DATE-OF-SERVICE,COT034,9(8),Numeric,Y
449,OT,Claims,MIS-30-001-1,MIS30.1,,AG,% missing: BEGINNING-DATE-OF-SERVICE (COT00003),tmsis_cll_rec_othr_toc.srvc_bgnng_dt,BEGINNING-DATE-OF-SERVICE,COT166,9(8),Numeric,Y
450,OT,Claims,MIS-30-002-2,MIS30.2,,AG,% missing: CMS-64-CATEGORY-FOR-FEDERAL-REIMBURSEMENT (COT00003),tmsis_cll_rec_othr_toc.cms_64_fed_reimbrsmt_ctgry_cd,CMS-64-CATEGORY-FOR-FEDERAL-REIMBURSEMENT ,COT210,X(2),Character,Y
451,OT,Claims,MIS-30-003-3,MIS30.3,,AG,% missing: ENDING-DATE-OF-SERVICE (COT00003),tmsis_cll_rec_othr_toc.srvc_endg_dt,ENDING-DATE-OF-SERVICE,COT167,9(8),Numeric,Y
452,LT,Claims,MIS-5-002-20,MIS5.20,,AA,% missing: BEGINNING-DATE-OF-SERVICE (CLT00003),tmsis_cll_rec_lt.srvc_bgnng_dt,BEGINNING-DATE-OF-SERVICE,CLT196,9(8),Numeric,Y
453,OT,Claims,MIS-7-002-32,MIS7.32,,AA,% missing: BEGINNING-DATE-OF-SERVICE (COT00003),tmsis_cll_rec_othr_toc.srvc_bgnng_dt,BEGINNING-DATE-OF-SERVICE,COT166,9(8),Numeric,Y
454,IP,Claims,MIS-2-032_1-58,MIS2.58,,AA,% missing: MEDICAID-PAID-DATE (CIP00002),tmsis_clh_rec_ip.mdcd_pd_dt,MEDICAID-PAID-DATE ,CIP099,9(8),Numeric,Y
455,LT,Claims,MIS-4-025_1-45,MIS4.45,,AA,% missing: MEDICAID-PAID-DATE (CLT00002),tmsis_clh_rec_lt.mdcd_pd_dt,MEDICAID-PAID-DATE ,CLT051,9(8),Numeric,Y
456,OT,Claims,MIS-6-21_1-37,MIS6.37,,AA,% missing: MEDICAID-PAID-DATE (COT00002),tmsis_clh_rec_othr_toc.mdcd_pd_dt,MEDICAID-PAID-DATE ,COT036,9(8),Numeric,Y
457,RX,Claims,MIS-8-15_1-34,MIS8.34,,AA,% missing: MEDICAID-PAID-DATE (CRX00002),tmsis_clh_rec_rx.mdcd_pd_dt,MEDICAID-PAID-DATE ,CRX028,9(8),Numeric,Y
466,IP,Claims,MIS-40-001-1,MIS40.1,,AM,% missing: XIX-MBESCBES-CATEGORY-OF-SERVICE (CIP00003),tmsis_cll_rec_ip.xix_srvc_ctgry_cd,XIX-MBESCBES-CATEGORY-OF-SERVICE ,CIP270,X(4),Character,Y
467,LT,Claims,MIS-42-001-1,MIS42.1,,AM,% missing: XIX-MBESCBES-CATEGORY-OF-SERVICE (CLT00003),tmsis_cll_rec_lt.xix_srvc_ctgry_cd,XIX-MBESCBES-CATEGORY-OF-SERVICE ,CLT224,X(4),Character,Y
468,OT,Claims,MIS-44-001-1,MIS44.1,,AM,% missing: XIX-MBESCBES-CATEGORY-OF-SERVICE (COT00003),tmsis_cll_rec_othr_toc.xix_srvc_ctgry_cd,XIX-MBESCBES-CATEGORY-OF-SERVICE ,COT211,X(4),Character,Y
469,RX,Claims,MIS-46-001-1,MIS46.1,,AM,% missing: XIX-MBESCBES-CATEGORY-OF-SERVICE (CRX00003),tmsis_cll_rec_rx.xix_srvc_ctgry_cd,XIX-MBESCBES-CATEGORY-OF-SERVICE ,CRX150,X(4),Character,Y
470,IP,Claims,MIS-48-001-1,MIS48.1,,AN,% missing: XXI-MBESCBES-CATEGORY-OF-SERVICE (CIP00003),tmsis_cll_rec_ip.xxi_srvc_ctgry_cd,XXI-MBESCBES-CATEGORY-OF-SERVICE ,CIP271,X(3),Character,Y
471,LT,Claims,MIS-50-001-1,MIS50.1,,AN,% missing: XXI-MBESCBES-CATEGORY-OF-SERVICE (CLT00003),tmsis_cll_rec_lt.xxi_srvc_ctgry_cd,XXI-MBESCBES-CATEGORY-OF-SERVICE ,CLT225,X(3),Character,Y
472,OT,Claims,MIS-52-001-1,MIS52.1,,AN,% missing: XXI-MBESCBES-CATEGORY-OF-SERVICE (COT00003),tmsis_cll_rec_othr_toc.xxi_srvc_ctgry_cd,XXI-MBESCBES-CATEGORY-OF-SERVICE ,COT212,X(3),Character,Y
473,RX,Claims,MIS-54-001-1,MIS54.1,,AN,% missing: XXI-MBESCBES-CATEGORY-OF-SERVICE (CRX00003),tmsis_cll_rec_rx.xxi_srvc_ctgry_cd,XXI-MBESCBES-CATEGORY-OF-SERVICE ,CRX151,X(3),Character,Y
474,IP,Claims,MIS-2-009_1-59,MIS2.59,,AA,% missing: BILLING-PROV-TAXONOMY (CIP00002),tmsis_clh_rec_ip.blg_prvdr_txnmy_cd ,BILLING-PROV-TAXONOMY,CIP181,X(12),Character,Y
475,LT,Claims,MIS-4-008_1-46,MIS4.46,,AA,% missing: BILLING-PROV-TAXONOMY (CLT00002),tmsis_clh_rec_lt.blg_prvdr_txnmy_cd ,BILLING-PROV-TAXONOMY,CLT132,X(12),Character,Y
476,OT,Claims,MIS-6-008_1-38,MIS6.38,,AA,% missing: BILLING-PROV-TAXONOMY (COT00002),tmsis_clh_rec_othr_toc.blg_prvdr_txnmy_cd ,BILLING-PROV-TAXONOMY,COT114,X(12),Character,Y
477,OT,Claims,MIS-6-027_2-39,MIS6.39,,AA,% missing: TOT-ALLOWED-AMT (COT00002),tmsis_clh_rec_othr_toc.tot_alowd_amt,TOT-ALLOWED-AMT,COT049,S9(11)V99,Numeric,Y
478,IP,Claims,MIS-3-001_1-18,MIS3.18,,AA,% missing: ALLOWED-AMT (CIP00003),tmsis_cll_rec_ip.alowd_amt,ALLOWED-AMT,CIP252,S9(11)V99,Numeric,Y
479,LT,Claims,MIS-5-001_1-21,MIS5.21,,AA,% missing: ALLOWED-AMT (CLT00003),tmsis_cll_rec_lt.alowd_amt,ALLOWED-AMT,CLT205,S9(11)V99,Numeric,Y
480,OT,Claims,MIS-7-001_1-33,MIS7.33,,AA,% missing: ALLOWED-AMT (COT00003),tmsis_cll_rec_othr_toc.alowd_amt,ALLOWED-AMT,COT175,S9(11)V99,Numeric,Y
481,RX,Claims,MIS-8-012_1-35,MIS8.35,,AA,% missing: DISPENSING-PRESCRIPTION-DRUG-PROV-NUM (CRX00002),tmsis_clh_rec_rx.dspnsng_pd_prvdr_num,DISPENSING-PRESCRIPTION-DRUG-PROV-NUM,CRX156,X(30),Character,Y
482,IP,Claims,MIS-2-004_1-60,MIS2.60,,AA,% missing: ADMITTING-PROV-NPI-NUM (CIP00002),tmsis_clh_rec_ip.admtg_prvdr_npi_num,ADMITTING-PROV-NPI-NUM,CIP184,X(10),Character,Y
483,LT,Claims,MIS-4-002-2,MIS4.2,,AA,% missing: ADMITTING-PROV-NPI-NUM (CLT00002),tmsis_clh_rec_lt.admtg_prvdr_npi_num,ADMITTING-PROV-NPI-NUM,CLT174,X(10),Character,Y
484,IP,Claims,MIS-2-004_2-61,MIS2.61,,AA,% missing: ADMITTING-PROV-NUM (CIP00002),tmsis_clh_rec_ip.admtg_prvdr_num,ADMITTING-PROV-NUM,CIP185,X(30),Character,Y
485,LT,Claims,MIS-4-002_1-47,MIS4.47,,AA,% missing: ADMITTING-PROV-NUM (CLT00002),tmsis_clh_rec_lt.admtg_prvdr_num,ADMITTING-PROV-NUM,CLT175,X(30),Character,Y
486,IP,Claims,MIS-2-047_1-62,MIS2.62,,AA,% missing: REFERRING-PROV-NPI-NUM (CIP00002),tmsis_clh_rec_ip.rfrg_prvdr_npi_num,REFERRING-PROV-NPI-NUM,CIP190,X(10),Character,Y
487,LT,Claims,MIS-4-034_1-48,MIS4.48,,AA,% missing: REFERRING-PROV-NPI-NUM (CLT00002),tmsis_clh_rec_lt.rfrg_prvdr_npi_num,REFERRING-PROV-NPI-NUM,CLT136,X(10),Character,Y
488,OT,Claims,MIS-6-027_3-40,MIS6.40,,AA,% missing: REFERRING-PROV-NPI-NUM (COT00002),tmsis_clh_rec_othr_toc.rfrg_prvdr_npi_num,REFERRING-PROV-NPI-NUM,COT118,X(10),Character,Y
489,IP,Claims,MIS-2-047_2-63,MIS2.63,,AA,% missing: REFERRING-PROV-NUM (CIP00002),tmsis_clh_rec_ip.rfrg_prvdr_num,REFERRING-PROV-NUM,CIP189,X(30),Character,Y
490,LT,Claims,MIS-4-034_2-49,MIS4.49,,AA,% missing: REFERRING-PROV-NUM (CLT00002),tmsis_clh_rec_lt.rfrg_prvdr_num,REFERRING-PROV-NUM,CLT135,X(30),Character,Y
491,OT,Claims,MIS-6-027_4-41,MIS6.41,,AA,% missing: REFERRING-PROV-NUM (COT00002),tmsis_clh_rec_othr_toc.rfrg_prvdr_num,REFERRING-PROV-NUM,COT117,X(30),Character,Y
492,IP,Claims,MIS-3-009_1-19,MIS3.19,,AA,% missing: OPERATING-PROV-NPI-NUM (CIP00003),tmsis_cll_rec_ip.oprtg_prvdr_npi_num,OPERATING-PROV-NPI-NUM,CIP265,X(10),Character,Y
